,0,0,Turbine in operation,T1
,0,1,Turbine starting,T1
,0,2,Turbine operational,T1
,0,3,Start lead-up,T1
,0,5,Calibration of load control,T1
,0,6,Power self-supply,T1
,0,8,Turbine in operation during maintenance,T1
Turbine stopped,1,1,Control cabinet,T1
Turbine stopped,1,3,SCADA (ENERCON),T1
Turbine stopped,1,4,Nacelle,T1
Turbine stopped,1,5,Outside temperature,T1
Turbine stopped,1,6,Farm control,T1
Turbine stopped,1,7,SCADA (customer),T4
Turbine stopped,1,8,Remote display,T1
Turbine stopped,1,9,Timeout manual operation,T1
Turbine stopped,1,13,SCADA (high-speed stop),T1
Turbine stopped,1,14,Power gradient,T1
Turbine stopped,1,15,External,T1
Turbine stopped,1,16,SCADA (bird and bat protection),T1
Turbine stopped,1,17,External data interface,T4
Turbine stopped,1,18,SCADA (bird and bat protection external),T1
Turbine stopped,1,19,Power setpoint too low,T1
Turbine stopped,1,21,Nacelle position (sector 1),T1
Turbine stopped,1,22,Nacelle position (sector 2),T1
Turbine stopped,1,23,Nacelle position (sector 3),T1
Turbine stopped,1,24,Nacelle position (sector 4),T1
Turbine stopped,1,25,Nacelle position (sector 5),T1
Turbine stopped,1,26,Nacelle position (sector 6),T1
Turbine stopped,1,27,Nacelle position (sector 7),T1
Turbine stopped,1,28,Nacelle position (sector 8),T1
Turbine stopped,1,30,FCU (normal stop),T1
Turbine stopped,1,31,FCU (high-speed stop),T1
Turbine stopped,1,41,SCADA (bat protection),T1
Turbine stopped,1,42,SCADA (bat protection external),T1
Turbine stopped,1,43,SCADA (bird protection),T1
Turbine stopped,1,44,SCADA (bird protection external),T1
Turbine stopped,1,51,Noise optimisation 1,T1
Turbine stopped,1,52,Noise optimisation 2,T1
Turbine stopped,1,53,Noise optimisation 3,T1
Turbine stopped,1,54,Noise optimisation 4,T1
Turbine stopped,1,71,Insulation measurement,T1
Turbine stopped,1,194,Supply by energy storage,T1
Lack of wind,2,1,Wind speed too low,T1
Lack of wind,2,2,Rotor speed to low,T1
Lack of wind,2,11,Max. start wind speed reached,T6
Storm,3,1,Peak wind speed,T1
Storm,3,2,Average wind speed,T1
Storm,3,3,Maximum blade angle,T1
Storm,3,4,Average blade angle,T1
Storm,3,12,Average windspeed (10min),T1
Shadow shutdown,4,0,Active,T1
Shadow shutdown,4,1,Internal,T1
Shadow shutdown,4,2,External,T1
Blade de-icing,5,1,Automatic,T1
Blade de-icing,5,2,Manual,T1
Blade de-icing,5,3,SCADA,T1
Blade de-icing,5,4,Automatic by LABKO ice detector,T1
Blade de-icing,5,41,Automatic by Eologix,T1
Blade de-icing,5,42,Automatic by Fos4x,T1
Blade de-icing,5,43,Automatic by Wölfel,T1
Blade de-icing,5,91,Set rated power of blade heating!,T6
Blade de-icing,5,92,Power measurement of blade heating,T1
Blade de-icing,5,93,Power measurement not possible,T1
Unauthorized access,7,81,I/O-board control cabinet,T1
Unauthorized access,7,83,I/O-board 1 nacelle,T1
Unauthorized access,7,84,I/O-board 1 nacelle,T1
Maintenance,8,0,,T6
Generator heating,9,1,Isometer,T1
Generator heating,9,3,Hygrostat inverter,T1
Generator heating,9,5,Hygrostat UPS,T1
Generator heating,9,6,Preventive after mains failure,T1
Generator heating,9,8,Manual,T1
Generator heating,9,19,Power setpoint too low,T1
Generator heating,9,72,Duration too long (72h),T6
Emergency stop actuated,10,1,tower,T6
Emergency stop actuated,10,2,Nacelle,T6
Rotor brake activated manual,11,0,,T6
Rotor lock,12,1,Activated (switch),T6
Rotor lock,12,2,Completely set (sensor),T6
Rotor lock,12,3,Sensor malfunction,T6
Ice detection,14,1,Labko ice detector,T1
Ice detection,14,11,Rotor (power measurement),T1
Ice detection,14,12,Anemometer (power measurement),T1
Ice detection,14,13,Rotor (blade angle),T1
Ice detection,14,14,Anemometer (blade angle),T1
Ice detection,14,15,Farm ice-foundation level reached,T1
Ice detection,14,16,Turbine stopped preventive,T1
Ice detection,14,17,SCADA (external),T1
Ice detection,14,20,Abandon nacelle positioning,T1
Ice detection,14,40,Unk. Syst.: Ice detected,T1
Ice detection,14,41,Eologix: Ice detected,T1
Ice detection,14,42,FOS4X: Ice detected,T1
Ice detection,14,43,Woelfel: Ice detected,T1
Turbine moist,15,1,Inverter 1,T1
Turbine moist,15,2,Inverter 2,T1
Turbine moist,15,3,Inverter 3,T1
Turbine moist,15,4,Inverter 4,T1
Turbine moist,15,11,Inverter 1,T1
Turbine moist,15,12,Inverter 2,T1
Turbine moist,15,13,Inverter 3,T1
Turbine moist,15,19,Several inverters,T1
Turbine moist,15,100,UPS,T1
Turbine moist,15,102,No Grid,T1
Turbine moist,15,111,Rectifier,T1
Overspeed-switch test,16,0,Test in process,T6
Overspeed-switch test,16,1,Blade A,T6
Overspeed-switch test,16,2,Blade B,T6
Overspeed-switch test,16,3,Blade C,T6
Overspeed-switch test,16,4,Blade A+B,T6
Overspeed-switch test,16,5,Blade A+C,T6
Overspeed-switch test,16,6,Blade B+C,T6
Overspeed-switch test,16,7,Blade A+B+C,T6
Overspeed-switch test,16,92,Timeout,T6
Test safety system,17,0,,T1
Wind measurement fault,20,40,Unknown anemometer,T6
Wind measurement fault,20,42,No signal from wind vane,T6
Wind measurement fault,20,43,10V perm. signal from wind vane,T6
Wind measurement fault,20,44,Wind vane locked,T6
Wind measurement fault,20,45,Overflow wind direction,T6
Wind measurement fault,20,51,Anemometer faulty,T6
Wind measurement fault,20,52,No signal from anemometer,T6
Wind measurement fault,20,55,Overflow windspeed,T6
Wind measurement fault,20,62,Wind direction > 165° right,T6
Wind measurement fault,20,63,Wind direction > 165° left,T6
Wind measurement fault,20,64,Constant wind direction,T6
Wind measurement fault,20,65,Overflow wind direction,T6
Wind measurement fault,20,71,Wind speed to low,T6
Wind measurement fault,20,72,No wind speed,T6
Wind measurement fault,20,75,Overflow wind speed,T6
Cable twisted,21,1,Left (2-3 turns),T1
Cable twisted,21,2,Right (2-3 turns),T1
Cable twisted,21,3,Left (>3 turns),T1
Cable twisted,21,4,Right (>3 turns),T1
Cable twisted,21,5,Left (>1.8 turns at >20m/s),T1
Cable twisted,21,6,Right (>1.8 turns at >20m/s),T1
Cable twisted,21,21,Left (manual),T1
Cable twisted,21,22,Right (manual),T1
Cable twisted,21,23,Left (manually: control cabinet),T1
Cable twisted,21,24,Right (manually: control cabinet),T1
Fault yaw control,22,1,Limit switch left,T6
Fault yaw control,22,2,Limit switch right,T6
Fault yaw control,22,3,Untwist time to long,T6
Fault yaw control,22,9,Yaw lock by mains / UPS,T6
Fault yaw control,22,10,Yaw lock activated,T6
Fault yaw control,22,11,Yaw lock by yaw inverter,T6
Fault yaw control,22,12,Limit switch left and right,T6
Fault yaw control,22,14,Lateral alignment of nacelle active,T6
Fault yaw control,22,15,Block function nacelle pos. activated,T6
Fault yaw control,22,16,Blocking of nac. pos.: error angle range,T6
Fault yaw control,22,17,Blocking of nac. pos.: error in memory,T6
Fault yaw control,22,21,Cabeltwist to often,T6
Fault yaw control,22,22,No rotation speed from sensor 2,T6
Fault yaw control,22,23,No rotation speed from sensor 1+2,T6
Fault yaw control,22,24,Rotation speed sensor 1 to low,T6
Fault yaw control,22,25,Rotation speed sensor 2 to low,T6
Fault yaw control,22,26,Rotation speed sensor 1+2 to low,T6
Fault yaw control,22,27,Rotation speed sensor 1 to high,T6
Fault yaw control,22,28,Rotation speed sensor 2 to high,T6
Fault yaw control,22,29,Rotation speed sensor 1+2 to high,T6
Fault yaw control,22,35,Uncontrolled yawing,T6
Fault yaw control,22,40,No yawing,T6
Fault yaw control,22,47,No pulses from yaw sensor 1+2,T6
Fault yaw control,22,48,To less pulses from yaw sensor 1+2,T6
Fault yaw control,22,49,To much pulses from yaw sensor 1+2,T6
Fault yaw control,22,50,Malfunction yaw sensor 1+2,T6
Fault yaw control,22,51,No change of nacelle position,T6
Fault yaw control,22,52,Change of nacelle position faulty,T6
Fault yaw control,22,55,Change of nacelle pos. >90° / 10sec,T6
Fault yaw control,22,56,Change of nacelle pos. > 180° / 10sec,T6
Fault yaw control,22,101,Angle encoder: timeout data transmiss.,T6
Fault yaw control,22,102,Angle encoder: unknown,T6
Fault yaw control,22,104,Angle encoder: initialization not poss.,T6
Fault yaw control,22,105,Angle encoder: confirm limit switch pos.,T6
Fault yaw control,22,106,Angle encoder: confirm mid-position,T6
Fault yaw control,22,107,Angle encoder: confirm checksums,T6
Fault yaw control,22,110,Angle encoder: wrong rotation dir. (ri.),T6
Fault yaw control,22,111,Angle encoder: wrong limit switch (ri.),T6
Fault yaw control,22,112,Angle encoder: no reaction limit sw. left,T6
Fault yaw control,22,113,Angle encoder: limit sw. left not closed,T6
Fault yaw control,22,120,Angle encoder: wrong rotation dir. (le.),T6
Fault yaw control,22,121,Angle encoder: wrong limit switch (le.),T6
Fault yaw control,22,122,Angle encoder: no reaction limit sw. right,T6
Fault yaw control,22,123,Angle encoder: limit sw. right not closed,T6
Fault yaw control,22,141,Limit switch test: no reaction LS left,T6
Fault yaw control,22,142,Limit switch test: no reaction LS right,T6
Fault yaw control,22,143,Limit switch test: no react. LS l and r,T6
Fault yaw control,22,144,Limit switch test: LS l and r mixed-up,T6
Fault yaw control,22,146,Limit switch test: LS does not close,T6
Fault yaw control,22,147,Limit switch test: undefined state,T6
Fault yaw control,22,202,Angle encoder: error initializing,T6
Fault yaw control,22,203,Angle encoder: angle skip,T6
Fault yaw control,22,222,NOCN: ROM CRC error,T6
Fault yaw control,22,224,NOCN: EEPROM error,T6
Fault yaw control,22,225,NOCN: EEPROM CRC error,T6
Fault yaw control,22,226,NOCN: error cam switch,T6
Fault yaw control,22,227,NOCN: error sensor,T6
Fault yaw control,22,229,NOCN: unknown error,T6
Fault yaw control,22,234,NOCN S3: error cam switch,T6
Fault yaw control,22,235,NOCN S3: CRC error parameter,T6
Fault yaw control,22,236,NOCN S3: Supply error,T6
Fault yaw control,22,237,NOCN S3: error sensor,T6
Fault yaw control,22,239,NOCN S3: unknown error,T6
Faulty yaw inverter,25,99,Inverter deactivated,T6
Faulty yaw inverter,25,101,Cross short circuit system 1,T6
Faulty yaw inverter,25,102,Overcurrent U system 1,T6
Faulty yaw inverter,25,103,Overcurrent V system 1,T6
Faulty yaw inverter,25,104,Overcurrent W system 1,T6
Faulty yaw inverter,25,105,Earth contact system 1,T6
Faulty yaw inverter,25,106,Current measurement system 1,T6
Faulty yaw inverter,25,107,Overvoltage DC-link system 1,T6
Faulty yaw inverter,25,108,IGBT-driver system 1,T6
Faulty yaw inverter,25,109,Charging error system 1,T6
Faulty yaw inverter,25,110,Overload chopper system 1,T6
Faulty yaw inverter,25,111,Thermoswitch heatsink IGBT system 1,T6
Faulty yaw inverter,25,112,Thermoswitch heats. rectif. system 1,T6
Faulty yaw inverter,25,113,Overtemp. heatsink IGBT system 1,T6
Faulty yaw inverter,25,114,Overtemp. heatsink rectif. system 1,T6
Faulty yaw inverter,25,115,Fuse F1 - F3,T6
Faulty yaw inverter,25,116,Output prot. circuit breaker system 1,T6
Faulty yaw inverter,25,119,No data from slave (serial),T6
Faulty yaw inverter,25,122,Supply motor control 1,T6
Faulty yaw inverter,25,123,Malfunction yaw sensor 3 system 1,T6
Faulty yaw inverter,25,124,Malfunction yaw sensor 4 system 1,T6
Faulty yaw inverter,25,125,EEPROM faulty control board system1,T6
Faulty yaw inverter,25,126,Overtemp. brake/motor 1 system 1,T6
Faulty yaw inverter,25,127,Overtemp. brake/motor 3 system 1,T6
Faulty yaw inverter,25,131,DC-link voltage instabil system 1,T6
Faulty yaw inverter,25,132,Wrong rotation direction system 1,T6
Faulty yaw inverter,25,133,Brake force to low system 1,T6
Faulty yaw inverter,25,134,Overspeed system 1,T6
Faulty yaw inverter,25,135,No output current system 1,T6
Faulty yaw inverter,25,136,Yawing moment to low system 1,T6
Faulty yaw inverter,25,137,Difference phase current system 1,T6
Faulty yaw inverter,25,138,Difference motortemperature system 1,T6
Faulty yaw inverter,25,201,Cross short circuit system 2,T6
Faulty yaw inverter,25,202,Overcurrent U system 2,T6
Faulty yaw inverter,25,203,Overcurrent V system 2,T6
Faulty yaw inverter,25,204,Overcurrent W system 2,T6
Faulty yaw inverter,25,205,Earth contact system 2,T6
Faulty yaw inverter,25,206,Current measurement system 2,T6
Faulty yaw inverter,25,207,Overvoltage DC-link system 2,T6
Faulty yaw inverter,25,208,IGBT-driver system 2,T6
Faulty yaw inverter,25,209,Charging error system 2,T6
Faulty yaw inverter,25,210,Overload chopper system 2,T6
Faulty yaw inverter,25,211,Thermoswitch heatsink IGBT system 2,T6
Faulty yaw inverter,25,213,Overtemp. heatsink IGBT system 2,T6
Faulty yaw inverter,25,216,Output prot. circuit breaker system 2,T6
Faulty yaw inverter,25,219,No data from master (serial),T6
Faulty yaw inverter,25,222,Supply motor control 2,T6
Faulty yaw inverter,25,223,Malfunction yaw sensor 5 system 2,T6
Faulty yaw inverter,25,224,Malfunction yaw sensor 6 system 2,T6
Faulty yaw inverter,25,225,EEPROM faulty motor control 2,T6
Faulty yaw inverter,25,226,Overtemp. brake/motor 2 system 2,T6
Faulty yaw inverter,25,227,Overtemp. brake/motor 4 system 2,T6
Faulty yaw inverter,25,230,Program incompatible master / slave,T6
Faulty yaw inverter,25,231,DC-link voltage instabil system 2,T6
Faulty yaw inverter,25,232,Wrong rotation direction system 2,T6
Faulty yaw inverter,25,233,Brake force to low system 2,T6
Faulty yaw inverter,25,234,Overspeed system 2,T6
Faulty yaw inverter,25,235,No output current system 2,T6
Faulty yaw inverter,25,236,Yawing moment to low system 2,T6
Faulty yaw inverter,25,237,Difference phase current system 2,T6
Faulty yaw inverter,25,238,Difference motortemperature system 2,T6
Anemometer Interface,29,21,Windspeed invariable,T6
Anemometer Interface,29,22,Wind direction invariable,T6
Anemometer Interface,29,31,Error data transmission us-sensor,T6
Anemometer Interface,29,32,Timeout data transmission us-sensor,T6
Anemometer Interface,29,33,Incorrect data from us-sensor,T6
Anemometer Interface,29,41,Fault 1 ultra sonic sensor,T6
Anemometer Interface,29,42,Fault 2 ultra sonic sensor,T6
Anemometer Interface,29,43,Fault 3 ultra sonic sensor,T6
Anemometer Interface,29,44,Fault 4 ultra sonic sensor,T6
Anemometer Interface,29,45,Fault 5 ultra sonic sensor,T6
Anemometer Interface,29,121,Anem. 1: wind speed invariable,T6
Anemometer Interface,29,122,Anem. 1: wind direction invariable,T6
Anemometer Interface,29,131,Anem. 1: error data transmiss. us-sensor,T6
Anemometer Interface,29,132,Anem. 1: timeout data transm. us-sensor,T6
Anemometer Interface,29,133,Anem. 1: incorrect data from us-sensor,T6
Anemometer Interface,29,141,Anem. 1 (THIES 2D) fault,T6
Anemometer Interface,29,143,Anem. 1 (THIES 2D compact) fault,T6
Anemometer Interface,29,144,Anem. 1 (THIES 2D) - static malfunction,T6
Anemometer Interface,29,145,WMG1 (THIES2D compact) - static fault,T6
Anemometer Interface,29,148,WMG 1 (THIES) - wrong telegram,T6
Anemometer Interface,29,152,Anem. 1 (GILL) error meas. section,T6
Anemometer Interface,29,153,Anem. 1 (GILL) error ROM,T6
Anemometer Interface,29,154,Anem. 1 (GILL) error hardware,T6
Anemometer Interface,29,156,Anem. 1 (GILL) voltage too high,T6
Anemometer Interface,29,160,Anem. 1 (VAISALA) error sensor 1,T6
Anemometer Interface,29,161,Anem. 1 (VAISALA) error sensor 2,T6
Anemometer Interface,29,162,Anem. 1 (VAISALA) error sensor 3,T6
Anemometer Interface,29,164,Anem. 1 (VAISALA) voltage too high,T6
Anemometer Interface,29,165,Anem. 1 (VAISALA) voltage too low,T6
Anemometer Interface,29,168,Anem. 1 (VAISALA) error averaging,T6
Anemometer Interface,29,169,Anem. 1 (VAISALA) error meas. section,T6
Anemometer Interface,29,192,Anem. 1 (NMEA) fault,T6
Anemometer Interface,29,244,Anem. 2 (THIES 2D) - static malfunction,T6
Anemometer Interface,29,248,WMG 2 (THIES) - wrong telegram,T6
Vibration sensor,30,0,,T6
Tower oscillation monitoring,31,1,Transversal oscillation,T6
Tower oscillation monitoring,31,2,Longitudinal oscillation,T6
Tower oscillation monitoring,31,3,Transversal sensor malfunction,T6
Tower oscillation monitoring,31,4,Longitudinal sensor malfunction,T6
Tower oscillation monitoring,31,5,Transversal oscillation (CAN-Sensor),T6
Tower oscillation monitoring,31,6,Longitudinal oscillation (CAN-Sensor),T6
Tower oscillation monitoring,31,11,Transversal oscillation (max.),T6
Tower oscillation monitoring,31,12,Longitudinal oscillation (max.),T6
Tower oscillation monitoring,31,15,Transversal oscill. (max.)  (CAN-Sensor),T6
Tower oscillation monitoring,31,16,Longitudinal oscill. (max.) (CAN-Sensor),T6
Tower oscillation monitoring,31,23,Signal of transversal sensor too small,T6
Tower oscillation monitoring,31,81,Resonance frequency measurement,T1
Tower oscillation monitoring,31,83,Resonance freq. measurem. I/O1 nac.,T1
CAN acceleration sensor,32,1,Timeout data transmission,T6
CAN acceleration sensor,32,2,Error initialization,T6
CAN acceleration sensor,32,3,Confirm initialization,T6
CAN acceleration sensor,32,4,Parameter error,T6
CAN acceleration sensor,32,24,NVA115: fault safety relay,T6
CAN acceleration sensor,32,25,NVA115: CRC error parameter,T6
CAN acceleration sensor,32,26,NVA115: supply error,T6
CAN acceleration sensor,32,27,NVA115: sensor error,T6
CAN acceleration sensor,32,29,NVA115: unknown error,T6
CAN acceleration sensor,32,43,Main safety circuit opened,T6
CAN acceleration sensor,32,44,MSC1 is not responding,T6
CAN acceleration sensor,32,45,MSC2 is not responding,T6
CAN acceleration sensor,32,46,MSC1 and MSC2 are not responding,T6
CAN acceleration sensor,32,47,MSC1 and MSC2 are interchanged,T6
CAN acceleration sensor,32,100,Unknown type,T6
Rotor overspeed,40,1,Measurement pitch control,T6
Rotor overspeed,40,2,Measurement I/O-board,T6
Rotor overspeed switch,41,1,Blade A,T6
Rotor overspeed switch,41,2,Blade B,T6
Rotor overspeed switch,41,3,Blade C,T6
Rotor overspeed switch,41,4,Blade A+B,T6
Rotor overspeed switch,41,5,Blade A+C,T6
Rotor overspeed switch,41,6,Blade B+C,T6
Rotor overspeed switch,41,7,Blade A+B+C,T6
Pitch control error,42,1,Speed after stop too high,T6
Pitch control error,42,2,Blade angle > 50°,T6
Pitch control error,42,4,Pitch speed too low during stop,T6
Pitch control error,42,5,Blade angle > 100°,T6
Pitch control error,42,6,Blade angle > 100°,T6
Pitch control error,42,100,No change of blade angle A,T6
Pitch control error,42,101,Limit switch -2° blade A,T6
Pitch control error,42,102,Limit switch 90° blade A,T6
Pitch control error,42,103,Limit switch 95° blade A,T6
Pitch control error,42,104,Limit switch 97° blade A,T6
Pitch control error,42,105,Angle monitoring 3° blade A,T6
Pitch control error,42,106,Angle monitoring 56° blade A,T6
Pitch control error,42,107,Angle error blade A,T6
Pitch control error,42,108,56° -mark blade A not programmed,T6
Pitch control error,42,109,State error blade A,T6
Pitch control error,42,122,Supply power stage blade A,T6
Pitch control error,42,125,Undervoltage DC-link blade A,T6
Pitch control error,42,128,Overvoltage DC-lonk blade A,T6
Pitch control error,42,131,Overtemperature heatsink blade A,T6
Pitch control error,42,134,Overtemperature motor blade A,T6
Pitch control error,42,138,Motor current to high blade A,T6
Pitch control error,42,139,Motor current after stop too high blade A,T6
Pitch control error,42,140,Overcurrent armature motor A,T6
Pitch control error,42,143,Overcurrent field motor A,T6
Pitch control error,42,145,Overcurrent brake motor A,T6
Pitch control error,42,168,Unknown turbine type blade A,T6
Pitch control error,42,180,Malfunction angle encoder A,T6
Pitch control error,42,181,Unknown angle encoder A,T6
Pitch control error,42,182,Angle jump encoder blade A,T6
Pitch control error,42,183,Update P+F-angle encoder  A required,T6
Pitch control error,42,190,Internal error CAN3 blade A,T6
Pitch control error,42,193,Hardware update needed contr. board A,T6
Pitch control error,42,194,Software update necessary pitch bl. A,T6
Pitch control error,42,198,Internal error EPROM blade A,T6
Pitch control error,42,199,Internal error blade A,T6
Pitch control error,42,200,No change of blade angle B,T6
Pitch control error,42,201,Limit switch -2° blade B,T6
Pitch control error,42,202,Limit switch 90° blade B,T6
Pitch control error,42,203,Limit switch 95° blade B,T6
Pitch control error,42,204,Limit switch 97° blade B,T6
Pitch control error,42,205,Angle monitoring 3° blade B,T6
Pitch control error,42,206,Angle monitoring 56° blade B,T6
Pitch control error,42,207,Angle error blade B,T6
Pitch control error,42,208,56° -mark blade B not programmed,T6
Pitch control error,42,209,State error blade B,T6
Pitch control error,42,222,Supply power stage blade B,T6
Pitch control error,42,225,Undervoltage DC-link blade B,T6
Pitch control error,42,228,Overvoltage DC-lonk blade B,T6
Pitch control error,42,231,Overtemperature heatsink blade B,T6
Pitch control error,42,234,Overtemperature motor blade B,T6
Pitch control error,42,238,Motor current  to high blade B,T6
Pitch control error,42,239,Motor current after stop too high blade B,T6
Pitch control error,42,240,Overcurrent armature motor B,T6
Pitch control error,42,243,Overcurrent field motor B,T6
Pitch control error,42,245,Overcurrent brake motor B,T6
Pitch control error,42,268,Unknown turbine type blade B,T6
Pitch control error,42,280,Malfunktion angle encoder B,T6
Pitch control error,42,281,Unknown angle encoder B,T6
Pitch control error,42,282,Angle jump encoder blade B,T6
Pitch control error,42,283,Update P+F-angle encoder B required,T6
Pitch control error,42,290,Internal error CAN3 blade B,T6
Pitch control error,42,293,Hardware update needed contr. board B,T6
Pitch control error,42,294,Software update necessary pitch bl. B,T6
Pitch control error,42,298,Internal error EPROM blade B,T6
Pitch control error,42,299,Internal error blade B,T6
Pitch control error,42,300,No change of blade angle C,T6
Pitch control error,42,301,Limit switch -2° blade C,T6
Pitch control error,42,302,Limit switch 90° blade C,T6
Pitch control error,42,303,Limit switch 95° blade C,T6
Pitch control error,42,304,Limit switch 97° blade C,T6
Pitch control error,42,305,Angle monitoring 3° blade C,T6
Pitch control error,42,306,Angle monitoring 56° blade C,T6
Pitch control error,42,307,Angle error blade C,T6
Pitch control error,42,308,56° -mark blade C not programmed,T6
Pitch control error,42,309,State error blade C,T6
Pitch control error,42,322,Supply power stage blade C,T6
Pitch control error,42,325,Undervoltage DC-link blade C,T6
Pitch control error,42,328,Overvoltage DC-lonk blade C,T6
Pitch control error,42,331,Overtemperature heatsink blade C,T6
Pitch control error,42,334,Overtemperature motor blade C,T6
Pitch control error,42,338,Motor current to high blade C,T6
Pitch control error,42,339,Motor current after stop too high blade C,T6
Pitch control error,42,340,Overcurrent armature motor C,T6
Pitch control error,42,343,Overcurrent field motor C,T6
Pitch control error,42,345,Overcurrent brake motor C,T6
Pitch control error,42,368,Unknown turbine type blade C,T6
Pitch control error,42,380,Malfunktion angle encoder C,T6
Pitch control error,42,381,Unknown angle encoder C,T6
Pitch control error,42,382,Angle jump encoder blade C,T6
Pitch control error,42,383,Update P+F-angle encoder  C required,T6
Pitch control error,42,390,Internal error CAN3 blade C,T6
Pitch control error,42,393,Hardware update needed contr. board C,T6
Pitch control error,42,394,Software update necessary pitch bl. C,T6
Pitch control error,42,398,Internal error EPROM blade C,T6
Pitch control error,42,399,Internal error blade C,T6
Fault main safety circuit,43,0,,T6
Fault main safety circuit,43,1,Interruption,T6
Fault main safety circuit,43,2,Error feedback,T6
Fault main safety circuit,43,81,MSC test: MSC tower does not open,T6
Fault main safety circuit,43,83,MSC test: MSC nacelle does not open,T6
Fault emergency stop capacitor,44,101,Undervoltage 175V capacitor A,T6
Fault emergency stop capacitor,44,102,Undervoltage 75V capacitor A,T6
Fault emergency stop capacitor,44,103,Overvoltage 175V capacitor A,T6
Fault emergency stop capacitor,44,104,Overvoltage 75V capacitor A,T6
Fault emergency stop capacitor,44,105,Capacitor test 175V blade A,T6
Fault emergency stop capacitor,44,106,Capacitor test 75V blade A,T6
Fault emergency stop capacitor,44,110,Unbalance 75V / 175V blade,T6
Fault emergency stop capacitor,44,181,Undervoltage 175V capacitor A,T6
Fault emergency stop capacitor,44,182,Undervoltage 75V capacitor A,T6
Fault emergency stop capacitor,44,201,Undervoltage 175V capacitor B,T6
Fault emergency stop capacitor,44,202,Undervoltage 75V capacitor B,T6
Fault emergency stop capacitor,44,203,Overvoltage 175V capacitor B,T6
Fault emergency stop capacitor,44,204,Overvoltage 75V capacitor B,T6
Fault emergency stop capacitor,44,205,Capacitor test 175V blade B,T6
Fault emergency stop capacitor,44,206,Capacitor test 75V blade B,T6
Fault emergency stop capacitor,44,210,Unbalance 75V / 175V blade B,T6
Fault emergency stop capacitor,44,281,Undervoltage 175V capacitor B,T6
Fault emergency stop capacitor,44,282,Undervoltage 75V capacitor B,T6
Fault emergency stop capacitor,44,301,Undervoltage 175V capacitor C,T6
Fault emergency stop capacitor,44,302,Undervoltage 75V capacitor C,T6
Fault emergency stop capacitor,44,303,Overvoltage 175V capacitor C,T6
Fault emergency stop capacitor,44,304,Overvoltage 75V capacitor C,T6
Fault emergency stop capacitor,44,305,Capacitor test 175V blade C,T6
Fault emergency stop capacitor,44,306,Capacitor test 75V blade C,T6
Fault emergency stop capacitor,44,310,Unbalance 75V / 175V blade C,T6
Fault emergency stop capacitor,44,381,Undervoltage 175V capacitor C,T6
Fault emergency stop capacitor,44,382,Undervoltage 75V capacitor C,T6
Capacitor charging error,45,100,Timeout  Blatt A,T6
Capacitor charging error,45,101,No quick charging capacitor A,T6
Capacitor charging error,45,102,No trickle charge 170 V blade A,T6
Capacitor charging error,45,103,No trickle charge capacitor A,T6
Capacitor charging error,45,104,Trickle charge current to high cap. A,T6
Capacitor charging error,45,105,Capacitor A not chargeable,T6
Capacitor charging error,45,106,Quick charge current to high cap. A,T6
Capacitor charging error,45,200,Timeout  Blatt B,T6
Capacitor charging error,45,201,No quick charging capacitor B,T6
Capacitor charging error,45,202,No trickle charge 170 V blade B,T6
Capacitor charging error,45,203,No trickle charge capacitor B,T6
Capacitor charging error,45,204,Trickle charge current to high cap. B,T6
Capacitor charging error,45,205,Capacitor B not chargeable,T6
Capacitor charging error,45,206,Quick charge current to high cap. B,T6
Capacitor charging error,45,300,Timeout  Blatt C,T6
Capacitor charging error,45,301,No quick charging capacitor C,T6
Capacitor charging error,45,302,No trickle charge 170 V blade C,T6
Capacitor charging error,45,303,No trickle charge capacitor C,T6
Capacitor charging error,45,304,Trickle charge current to high cap. C,T6
Capacitor charging error,45,305,Capacitor C not chargeable,T6
Capacitor charging error,45,306,Quick charge current to high cap. C,T6
Fault capacitor test,46,101,Load capacitor blade A,T6
Fault capacitor test,46,201,Load capacitor blade B,T6
Fault capacitor test,46,301,Load capacitor blade C,T6
Fault security system,47,1,Blade A,T6
Fault security system,47,2,Blade B,T6
Fault security system,47,3,Blade C,T6
Fault security system,47,4,Blade A+B,T6
Fault security system,47,5,Blade A+C,T6
Fault security system,47,6,Blade B+C,T6
Fault security system,47,7,Blade A+B+C,T6
Fault security system,47,10,Main security circuit,T6
Fault security system,47,11,Limit switch not reached blade A,T6
Fault security system,47,12,Limit switch not reached blade B,T6
Fault security system,47,13,Limit switch not reached blade C,T6
Fault security system,47,14,Limit switch not reached blade A+B,T6
Fault security system,47,15,Limit switch not reached blade A+C,T6
Fault security system,47,16,Limit switch not reached blade B+C,T6
Fault security system,47,17,Limit switch not reached blade A+B+C,T6
Fault security system,47,100,Emergency stop speed too low,T6
Fault speed sensor,48,1,Speed sensor (short-term),T6
Fault speed sensor,48,2,Speed sensor (long-term),T6
Fault speed sensor,48,3,Measurement I/O-board,T6
Fault speed sensor,48,4,Measurement pitch control,T6
Fault speed sensor,48,5,Diff. I/O-board / pitch control,T6
Fault speed sensor,48,10,Acceleration measurement,T6
Fault speed sensor,48,13,No index from speed sensor,T6
Fault speed sensor,48,14,Wrong rotating direction,T6
Fault speed sensor,48,18,Wrong rotational direction,T6
Fault speed sensor,48,21,Intermittent speed pulses,T6
Fault speed sensor,48,22,Double speed pulses,T6
Blade load control,49,1,No enable Signal from MPU,T6
Blade load control,49,2,Deactivated,T6
Blade load control,49,3,Load difference,T6
Blade load control,49,4,No data from blade A,T6
Blade load control,49,5,No data from blade B,T6
Blade load control,49,6,No data from blade C,T6
Blade load control,49,7,Calibration not possible blade A,T6
Blade load control,49,8,Calibration not possible blade B,T6
Blade load control,49,9,Calibartion not possible blade C,T6
Blade load control,49,10,Different moments of mass,T6
Blade load control,49,11,Parameter fault mass moments,T6
Blade load control,49,12,Timeout calibration,T6
Blade load control,49,101,Rough calibration not poss. blade A,T6
Blade load control,49,102,Fine calibration not poss. blade A,T6
Blade load control,49,103,Calibration terminated blade A,T6
Blade load control,49,104,Error old calibration blade A,T6
Blade load control,49,105,Error load sensor blade A,T6
Blade load control,49,106,Wrong turbine type blade A,T6
Blade load control,49,107,Power too high with deact. load contr. A,T6
Blade load control,49,120,Underflow measurement blade A,T6
Blade load control,49,121,Overflow measurement blade A,T6
Blade load control,49,130,Error load measurement blade A,T6
Blade load control,49,131,Error load measurement 1 blade A,T6
Blade load control,49,132,Error load measurement 2 blade A,T6
Blade load control,49,195,Load measurement negative blade A,T6
Blade load control,49,199,Internal error blade A,T6
Blade load control,49,201,Rough calibration not poss. blade B,T6
Blade load control,49,202,Fine calibration not poss. blade B,T6
Blade load control,49,203,Calibration terminated blade B,T6
Blade load control,49,204,Error old calibration blade B,T6
Blade load control,49,205,Error load sensor blade B,T6
Blade load control,49,206,Wrong turbine type blade B,T6
Blade load control,49,207,Power too high with deact. load contr. B,T6
Blade load control,49,220,Underflow measurement blade B,T6
Blade load control,49,221,Overflow measurement blade B,T6
Blade load control,49,230,Error load measurement blade B,T6
Blade load control,49,231,Error load measurement 1 blade B,T6
Blade load control,49,232,Error load measurement 2 blade B,T6
Blade load control,49,299,Internal error blade B,T6
Blade load control,49,301,Rough calibration not poss. blade C,T6
Blade load control,49,302,Fine calibration not poss. blade C,T6
Blade load control,49,303,Calibration terminated blade C,T6
Blade load control,49,304,Error old calibration blade C,T6
Blade load control,49,305,Error load sensor blade C,T6
Blade load control,49,306,Wrong turbine type blade C,T6
Blade load control,49,307,Power too high with deact. load contr. C,T6
Blade load control,49,320,Underflow measurement blade C,T6
Blade load control,49,321,Overflow measurement blade C,T6
Blade load control,49,330,Error load measurement blade C,T6
Blade load control,49,331,Error load measurement 1 blade C,T6
Blade load control,49,332,Error load measurement 2 blade C,T6
Blade load control,49,395,Load measurement negative blade C,T6
Blade load control,49,399,Internal error blade C,T6
Monitoring sensor,50,14,Noises in spinner,T6
Monitoring sensor,50,40,Rotor blade damage det.: unknown sys.,T6
Monitoring sensor,50,42,Rotor blade damage detected: fos4x,T6
Monitoring sensor,50,43,Rotor blade damage detected: Woelfel,T6
Monitoring sensor,50,66,Lightning Alert (Phoenix),T6
Monitoring sensor,50,67,Lightning detector faulty (Phoenix),T6
Fault blade heating,55,70,Supply switched off (nacelle),T6
Fault blade heating,55,102,Not deactivatble Blade A,T6
Fault blade heating,55,140,Overtemperature Heater Blade A,T6
Fault blade heating,55,152,Not deactivatable Blade A (Gazeheating),T6
Fault blade heating,55,202,Not deactivatble Blade B,T6
Fault blade heating,55,240,Overtemperature Heater Blade B,T6
Fault blade heating,55,252,Not deactivatable Blade B (Gazeheating),T6
Fault blade heating,55,302,Not deactivatable Blade C,T6
Fault blade heating,55,340,Overtemperature Heater Blade C,T6
Fault blade heating,55,352,Not deactivatable Blade C (Gazeheating,T6
Fault lubrication system,58,6,Timeout error (rotor),T6
Mains failure,60,1,Monitoring electric supply company,T3
Mains failure,60,2,Start delay,T3
Mains failure,60,3,Start-up blocking POC,T3
Mains failure,60,4,Start-up blocking POC (VCS),T1
Mains failure,60,9,Undervoltage L1+L2+L3,T3
Mains failure,60,10,Overrvoltage L1+L2+L3,T3
Mains failure,60,11,Undervoltage L1,T3
Mains failure,60,12,Undervoltage L2,T3
Mains failure,60,13,Undervoltage L3,T3
Mains failure,60,14,Overrvoltage L1,T3
Mains failure,60,15,Overrvoltage L2,T3
Mains failure,60,16,Overrvoltage L3,T3
Mains failure,60,17,Underfrequency,T3
Mains failure,60,18,Overfrequency,T3
Mains failure,60,19,Phase sequence error,T3
Mains failure,60,21,Undervoltage L1 (restart),T3
Mains failure,60,22,Undervoltage L2 (restart),T3
Mains failure,60,23,Undervoltage L3 (restart),T3
Mains failure,60,24,Overvoltage L1 (restart),T3
Mains failure,60,25,Overvoltage L2 (restart),T3
Mains failure,60,26,Overvoltage L3 (restart),T3
Mains failure,60,27,Underfrequency (restart),T3
Mains failure,60,28,Overfrequency (restart),T3
Mains failure,60,29,Start-up blocking (normal start),T3
Mains failure,60,30,Start-up blocking (restart),T3
Mains failure,60,40,Overrvoltage (hardware),T3
Mains failure,60,41,Undervoltage (hardware),T3
Mains failure,60,1501,Underfrequency f< decoupling protect.,T3
Mains failure,60,1502,Overfrequency f> decoupling protect.,T3
Mains failure,60,1503,Underfrequency f<< decoupling protect.,T3
Mains failure,60,1504,Overfrequency f>> decoupling protect.,T3
Mains failure,60,1505,Undervoltage U< L1 decoupling protect.,T3
Mains failure,60,1506,Undervoltage U< L2 decoupling protect.,T3
Mains failure,60,1507,Undervoltage U< L3 decoupling protect.,T3
Mains failure,60,1508,Undervoltage U< L1+L2+L3 dec. prot.,T3
Mains failure,60,1509,Undervoltage U<< L1 decoupling protect.,T3
Mains failure,60,1510,Undervoltage U<< L2 decoupling protect.,T3
Mains failure,60,1511,Undervoltage U<< L3 decoupling protect.,T3
Mains failure,60,1512,Undervoltage U<< L1+L2+L3 dec. prot.,T3
Mains failure,60,1513,Overvoltage U> L1 decoupling protect.,T3
Mains failure,60,1514,Overvoltage U> L2 decoupling protect.,T3
Mains failure,60,1515,Overvoltage U> L3 decoupling protect.,T3
Mains failure,60,1516,Overvoltage U> L1+L2+L3 dec. prot.,T3
Mains failure,60,1517,Overvoltage U>> L1 decoupling protect.,T3
Mains failure,60,1518,Overvoltage U>> L2 decoupling protect.,T3
Mains failure,60,1519,Overvoltage U>> L3 decoupling protect.,T3
Mains failure,60,1520,Overvoltage U>> L1+L2+L3 dec. prot.,T3
Mains failure,60,1533,FSC opened by decoupling protect.,T3
Mains breakdown,61,0,,T3
Feeding fault,62,1,Total power to low,T6
Feeding fault,62,2,Total power to high,T6
Feeding fault,62,3,Load shedding,T6
Feeding fault,62,4,Inverter overload,T6
Feeding fault,62,7,Diff. P-set / P-actual,T6
Feeding fault,62,9,Diff. P(inverter) / P(transducer),T6
Feeding fault,62,11,To low power converter 1,T6
Feeding fault,62,12,To low power converter 2,T6
Feeding fault,62,13,To low power converter 3,T6
Feeding fault,62,21,To much power converter 1,T6
Feeding fault,62,22,To much power converter 2,T6
Feeding fault,62,23,To much power converter 3,T6
Feeding fault,62,30,Feeding security circuit faulty,T6
Feeding fault,62,31,Mains contactor converter 1 off,T6
Feeding fault,62,32,Mains contactor converter 2 off,T6
Feeding fault,62,33,Mains contactor converter 3 off,T6
Feeding fault,62,39,Mains contactor several conv. Off,T6
Feeding fault,62,43,Earth contact,T6
Feeding fault,62,46,Malfunction earth contact monitoring,T6
Feeding fault,62,51,No zero crossing converter 1,T6
Feeding fault,62,52,No zero crossing converter 2,T6
Feeding fault,62,53,No zero crossing converter 3,T6
Feeding fault,62,59,No zero crossing several conv.,T6
Feeding fault,62,61,Diff. phase current converter 1,T6
Feeding fault,62,62,Diff. phase current converter 2,T6
Feeding fault,62,63,Diff. phase current converter 3,T6
Feeding fault,62,69,Diff. phase current several conv.,T6
Feeding fault,62,71,Overload chopper converter 1,T6
Feeding fault,62,72,Overload chopper converter 2,T6
Feeding fault,62,73,Overload chopper converter 3,T6
Feeding fault,62,79,Overload chopper several conv.,T6
Feeding fault,62,81,Current measurement converter 1,T6
Feeding fault,62,82,Current measurement converter 2,T6
Feeding fault,62,83,Current measurement converter 3,T6
Feeding fault,62,91,External shut down converter 1,T6
Feeding fault,62,92,External shut down converter 2,T6
Feeding fault,62,93,External shut down converter 3,T6
Feeding fault,62,99,External shut down several conv.,T6
Feeding fault,62,101,To low power inverter 1,T6
Feeding fault,62,102,To low power inverter 2,T6
Feeding fault,62,103,To low power inverter 3,T6
Feeding fault,62,104,Too low power inverter 4,T6
Feeding fault,62,201,To much power inverter 1,T6
Feeding fault,62,202,To much power inverter 2,T6
Feeding fault,62,203,To much power inverter 3,T6
Feeding fault,62,204,Too much power inverter 4,T6
Feeding fault,62,301,Mains contactor inverter 1 off,T6
Feeding fault,62,302,Mains contactor inverter 2 off,T6
Feeding fault,62,303,Mains contactor inverter 3 off,T6
Feeding fault,62,304,Mains contactor off inverter 4,T6
Feeding fault,62,319,Mains contactor several inv. off,T6
Feeding fault,62,401,Chopper deactivated inverter 1,T6
Feeding fault,62,402,Chopper deactivated inverter 2,T6
Feeding fault,62,403,Chopper deactivated inverter 3,T6
Feeding fault,62,404,Chopper deactivated inverter 4,T6
Feeding fault,62,419,Chopper deactivated several inv.,T6
Feeding fault,62,501,No zero crossing inverter 1,T6
Feeding fault,62,502,No zero crossing inverter 2,T6
Feeding fault,62,503,No zero crossing inverter 3,T6
Feeding fault,62,504,No zero crossing inverter 4,T6
Feeding fault,62,519,No zero crossing several inv.,T6
Feeding fault,62,601,Diff. phase current inverter 1,T6
Feeding fault,62,602,Diff. phase current inverter 2,T6
Feeding fault,62,603,Diff. phase current inverter 3,T6
Feeding fault,62,604,Diff. phase current inverter 4,T6
Feeding fault,62,619,Diff. phase current several inv.,T6
Feeding fault,62,701,Overload chopper inverter 1,T6
Feeding fault,62,702,Overload chopper inverter 2,T6
Feeding fault,62,703,Overload chopper inverter 3,T6
Feeding fault,62,704,Overload chopper inverter 4,T6
Feeding fault,62,719,Overload chopper several inv.,T6
Feeding fault,62,801,Current measurement inverter 1,T6
Feeding fault,62,802,Current measurement inverter 2,T6
Feeding fault,62,803,Current measurement inverter 3,T6
Feeding fault,62,804,Current measurement inverter 4,T6
Feeding fault,62,819,Current measurement several inv.,T6
Feeding fault,62,901,External shut down inverter 1,T6
Feeding fault,62,902,External shut down inverter 2,T6
Feeding fault,62,903,External shut down inverter 3,T6
Feeding fault,62,904,External shut down inverter 4,T6
Feeding fault,62,919,External shut down several inv.,T6
Feeding fault,62,1001,No double step-up-chopper inverter 1,T6
Feeding fault,62,1002,No double step-up-chopper inverter 2,T6
Feeding fault,62,1003,No double step-up-chopper inverter 3,T6
Feeding fault,62,1004,No double step-up-chopper inverter 4,T4
Feeding fault,62,1019,No double step-up-chopper several inv.,T6
Feeding fault,62,1104,P-balancing out of tolerance inv. 4,T6
Feeding fault,62,1119,P-balancing out of tolerance several inv.,T6
Feeding fault,62,1301,Pulse inhibit inverter 1,T6
Feeding fault,62,1302,Pulse inhibit inverter 2,T6
Feeding fault,62,1303,Pulse inhibit inverter 3,T6
Feeding fault,62,1304,Pulse inhibit inverter 4,T6
Feeding fault,62,1319,pulse inhibit several inv.,T6
Feeding fault,62,1401,Error EC-fan inv. 1,T6
Feeding fault,62,1402,Error EC-fan inv. 2,T6
Feeding fault,62,1403,Error EC-fan inv. 3,T6
Feeding fault,62,1404,Error EC-fan inv. 4,T6
Feeding fault,62,1419,Error EC-fan serveral inv.,T6
Feeding fault,62,1901,Collective fault message inverter 1,T6
Feeding fault,62,1902,Collective fault message inverter 2,T6
Feeding fault,62,1903,Collective fault message inverter 3,T6
Feeding fault,62,1904,Collective fault message inverter 4,T6
Feeding fault,62,1919,Collective fault several inverters,T6
Overcurrent inverter,64,11,L1 converter 1,T6
Overcurrent inverter,64,12,L2 converter 1,T6
Overcurrent inverter,64,13,L3 converter 1,T6
Overcurrent inverter,64,14,Step-up-chopper converter 1,T6
Overcurrent inverter,64,15,I-Rectifier converter 1,T6
Overcurrent inverter,64,16,Cross short circuit converter 1,T6
Overcurrent inverter,64,17,Collective fault message conv. 1,T6
Overcurrent inverter,64,21,L1 converter 2,T6
Overcurrent inverter,64,22,L2 converter 2,T6
Overcurrent inverter,64,23,L3 converter 2,T6
Overcurrent inverter,64,24,Step-up-chopper converter 2,T6
Overcurrent inverter,64,25,I-Rectifier converter 2,T6
Overcurrent inverter,64,26,Cross short circuit converter 2,T6
Overcurrent inverter,64,27,Collective fault message conv. 2,T6
Overcurrent inverter,64,31,L1 converter 3,T6
Overcurrent inverter,64,32,L2 converter 3,T6
Overcurrent inverter,64,33,L3 converter 3,T6
Overcurrent inverter,64,34,Step-up-chopper converter 3,T6
Overcurrent inverter,64,35,I-Rectifier converter 3,T6
Overcurrent inverter,64,36,Cross short circuit converter 3,T6
Overcurrent inverter,64,37,Collective fault message conv. 3,T6
Overcurrent inverter,64,91,L1 several converters,T6
Overcurrent inverter,64,92,L2 several converters,T6
Overcurrent inverter,64,93,L3 several converters,T6
Overcurrent inverter,64,94,Step-up-chopper several converters,T6
Overcurrent inverter,64,95,I-Rectifier several converters,T6
Overcurrent inverter,64,96,Cross short circuit several converters,T6
Overcurrent inverter,64,97,Collective fault message sev. conv.,T6
Overcurrent inverter,64,101,L1 inverter 1,T6
Overcurrent inverter,64,102,L1 inverter 2,T6
Overcurrent inverter,64,103,L1 inverter 3,T6
Overcurrent inverter,64,104,L1 inverter 4,T6
Overcurrent inverter,64,119,L1 several inverters,T6
Overcurrent inverter,64,201,L2 inverter 1,T6
Overcurrent inverter,64,202,L2 inverter 2,T6
Overcurrent inverter,64,203,L2 inverter 3,T6
Overcurrent inverter,64,204,L2 inverter 4,T6
Overcurrent inverter,64,219,L2 several inverters,T6
Overcurrent inverter,64,301,L3 inverter 1,T6
Overcurrent inverter,64,302,L3 inverter 2,T6
Overcurrent inverter,64,303,L3 inverter 3,T6
Overcurrent inverter,64,304,L3 inverter 4,T6
Overcurrent inverter,64,319,L3 several inverters,T6
Overcurrent inverter,64,401,Step-up-chopper inverter 1,T6
Overcurrent inverter,64,402,Step-up-chopper inverter 2,T6
Overcurrent inverter,64,403,Step-up-chopper inverter 3,T6
Overcurrent inverter,64,404,Step-up-chopper inverter 4,T6
Overcurrent inverter,64,419,Step-up-chopper several inverters,T6
Overcurrent inverter,64,501,I-Rectifier inverter 1,T6
Overcurrent inverter,64,502,I-Rectifier inverter 2,T6
Overcurrent inverter,64,503,I-Rectifier inverter 3,T6
Overcurrent inverter,64,504,I-Rectifier inverter 4,T6
Overcurrent inverter,64,519,I-Rectifier several inverters,T6
Overcurrent inverter,64,601,Cross short circuit inverter 1,T6
Overcurrent inverter,64,602,Cross short circuit inverter 2,T6
Overcurrent inverter,64,603,Cross short circuit inverter 3,T6
Overcurrent inverter,64,604,Cross short circuit inverter 4,T6
Overcurrent inverter,64,619,Cross short circuit several inverters,T6
Overcurrent inverter,64,701,Collective fault message inv. 1,T6
Overcurrent inverter,64,702,Collective fault message inv. 2,T6
Overcurrent inverter,64,703,Collective fault message inv. 3,T6
Overcurrent inverter,64,704,Collective fault message inv. 4,T6
Overcurrent inverter,64,719,Collective fault message several inv.,T6
Overcurrent inverter,64,801,Step-up-chopper faulty inverter 1,T6
Overcurrent inverter,64,802,Step-up-chopper faulty inverter 2,T6
Overcurrent inverter,64,803,Step-up-chopper faulty inverter 3,T6
Overcurrent inverter,64,804,Step-up-chopper faulty inverter 4,T6
Overvoltage inverter,65,101,DC-link inverter 1,T6
Overvoltage inverter,65,102,DC-link inverter 2,T6
Overvoltage inverter,65,103,DC-link inverter 3,T6
Overvoltage inverter,65,104,DC-link inverter 4,T6
Overvoltage inverter,65,119,DC-link several inverters,T6
Overvoltage inverter,65,201,Imbalance U(DC-link) inv. 1,T6
Overvoltage inverter,65,202,Imbalance U(DC-link) inv. 2,T6
Overvoltage inverter,65,203,Imbalance U(DC-link) inv. 3,T6
Overvoltage inverter,65,204,Imbalance U(DC-link) inv. 4,T6
Overvoltage inverter,65,219,Imbalance U(DC-link) several inv.,T6
Overvoltage inverter,65,301,Imbalance U(rectif.) inv. 1,T6
Overvoltage inverter,65,302,Imbalance U(rectif.) inv. 2,T6
Overvoltage inverter,65,303,Imbalance U(rectif.) inv. 3,T6
Overvoltage inverter,65,304,Imbalance U(rectif.) inv. 4,T6
Overvoltage inverter,65,319,Imbalance U(rectif.) several inv.,T6
Overvoltage inverter,65,401,Malfunc. U(DC-link) measurem. inv. 1,T6
Overvoltage inverter,65,402,Malfunc. U(DC-link) measurem. inv. 2,T6
Overvoltage inverter,65,403,Malfunc. U(DC-link) measurem. inv. 3,T6
Overvoltage inverter,65,404,Malfunc. U(DC-link) measurem. inv. 4,T6
Overvoltage inverter,65,419,Malfunc. U(DC-link) meas. several inv.,T6
Overvoltage inverter,65,501,Malfunc. U(rectif.) measurem. inv. 1,T6
Overvoltage inverter,65,502,Malfunc. U(rectif.) measurem. inv. 2,T6
Overvoltage inverter,65,503,Malfunc. U(rectif.) measurem. inv. 3,T6
Overvoltage inverter,65,504,Malfunc. U(rectif.) measurem. inv. 4,T6
Overvoltage inverter,65,519,Malfunc. U(rectif.) measurem. sev. inv.,T6
Fault rectifier,66,1,Overcurrent phase U1,T6
Fault rectifier,66,2,Overcurrent phase V1,T6
Fault rectifier,66,3,Overcurrent phase W1,T6
Fault rectifier,66,4,Overcurrent phase U2,T6
Fault rectifier,66,5,Overcurrent phase V2,T6
Fault rectifier,66,6,Overcurrent phase W2,T6
Fault rectifier,66,7,Overcurrent phase U/V/W1,T6
Fault rectifier,66,8,Overcurrent phase U/V/W2,T6
Fault rectifier,66,13,Overvoltage rectifier,T6
Fault rectifier,66,14,Rectifier 1 off,T6
Fault rectifier,66,15,Rectifier 2 off,T6
Fault rectifier,66,21,Isometer system 1,T6
Fault rectifier,66,22,Isometer system 2,T6
Fault rectifier,66,23,Isometer system 1+2,T6
Fault rectifier,66,31,DC-link measurement,T6
Fault rectifier,66,33,Diff. U-DC-link rect. U-DC-link inverter,T6
Fault rectifier,66,34,Difference phasecurrent system 1,T6
Fault rectifier,66,35,Difference phasecurrent system 2,T6
Fault rectifier,66,36,Difference phasevoltage system 1,T6
Fault rectifier,66,37,Difference phasevoltage system 2,T6
Fault rectifier,66,51,Overtemperature rectifier 1,T6
Fault rectifier,66,52,Overtemperature rectifier 2,T6
Fault rectifier,66,53,Thermoswitch rectifier 1,T6
Fault rectifier,66,54,Thermoswitch rectifier 2,T6
Fault rectifier,66,91,Configuration error rectifier 1,T6
Fault rectifier,66,92,Configuration error rectifier 2,T6
Fault rectifier,66,95,Overvoltage during gen. heat. rectifier 1,T6
Fault rectifier,66,96,Overvoltage during gen. heat. rectifier 2,T6
Over temperature,67,11,Heatsink L1 converter 1,T6
Over temperature,67,12,Heatsink L2 converter 1,T6
Over temperature,67,13,Heatsink L3 converter 1,T6
Over temperature,67,14,Heatsink step-up-chopper conv. 1,T6
Over temperature,67,15,Thermoswitch heatsink conv. 1,T6
Over temperature,67,16,Power choke converter 1,T6
Over temperature,67,21,Heatsink L1 converter 2,T6
Over temperature,67,22,Heatsink L2 converter 2,T6
Over temperature,67,23,Heatsink L3 converter 2,T6
Over temperature,67,24,Heatsink step-up-chopper conv. 2,T6
Over temperature,67,25,Thermoswitch heatsink conv. 2,T6
Over temperature,67,26,Power choke converter 2,T6
Over temperature,67,31,Heatsink L1 converter 3,T6
Over temperature,67,32,Heatsink L2 converter 3,T6
Over temperature,67,33,Heatsink L3 converter 3,T6
Over temperature,67,34,Heatsink step-up-chopper conv. 3,T6
Over temperature,67,35,Thermoswitch heatsink conv. 3,T6
Over temperature,67,36,Power choke converter 3,T6
Over temperature,67,101,Heatsink L1 inverter 1,T6
Over temperature,67,102,Heatsink L1 inverter 2,T6
Over temperature,67,103,Heatsink L1 inverter 3,T6
Over temperature,67,104,Heatsink L1 inverter 4,T6
Over temperature,67,119,Heatsink L1 several inverters,T6
Over temperature,67,201,Heatsink L2 inverter 1,T6
Over temperature,67,202,Heatsink L2 inverter 2,T6
Over temperature,67,203,Heatsink L2 inverter 3,T6
Over temperature,67,204,Heatsink L2 inverter 4,T6
Over temperature,67,219,Heatsink L2 several inverters,T6
Over temperature,67,301,Heatsink L3 inverter 1,T6
Over temperature,67,302,Heatsink L3 inverter 2,T6
Over temperature,67,303,Heatsink L3 inverter 3,T6
Over temperature,67,304,Heatsink L3 inverter 4,T6
Over temperature,67,319,Heatsink L3 several inverters,T6
Over temperature,67,401,Heatsink step-up-chopper inv. 1,T6
Over temperature,67,402,Heatsink step-up-chopper inv. 2,T6
Over temperature,67,403,Heatsink step-up-chopper inv. 3,T6
Over temperature,67,404,Heatsink step-up-chopper inv. 4,T6
Over temperature,67,419,Heatsink step-up-chopper several inv.,T6
Over temperature,67,501,Thermoswitch heatsink inv. 1,T6
Over temperature,67,502,Thermoswitch heatsink inv. 2,T6
Over temperature,67,503,Thermoswitch heatsink inv. 3,T6
Over temperature,67,504,Thermo switch heatsink inv. 4,T6
Over temperature,67,519,Thermo switch heatsink several inv.,T6
Over temperature,67,601,Power choke inverter 1,T6
Over temperature,67,602,Power choke inverter 2,T6
Over temperature,67,603,Power choke inverter 3,T6
Over temperature,67,604,Power choke inverter 4,T6
Over temperature,67,619,Power choke several inverters,T6
Over temperature,67,701,Heatsink chopper inverter 1,T6
Over temperature,67,702,Heatsink chopper inverter 2,T6
Over temperature,67,703,Heatsink chopper inverter 3,T6
Over temperature,67,704,Heatsink chopper inverter 4,T6
Over temperature,67,719,Heatsink chopper several inverters,T6
Acoustic sensor,69,1,Inverter 1,T6
Acoustic sensor,69,2,Inverter 2,T6
Acoustic sensor,69,3,Inverter 3,T6
Acoustic sensor,69,4,Inverter 4,T6
Acoustic sensor,69,19,Several Inverters,T6
Generator over temperature,70,1,Stator,T6
Generator over temperature,70,2,Rotor,T6
Generator over temperature,70,3,Stator (measurement slot),T6
Generator over temperature,70,4,Stator (measurement winding overhang),T6
Generator over temperature,70,5,Rotor (measurement blade A),T6
Generator over temperature,70,6,Rotor (measurement blade B),T6
Generator over temperature,70,11,Stator (slot 1),T6
Generator over temperature,70,12,Stator (slot 2),T6
Generator over temperature,70,13,Stator (winding overhang front),T6
Generator over temperature,70,14,Stator (winding overhang rear),T6
Insulation monitoring,71,121, Isometer System 1.1,T6
Insulation monitoring,71,122, Isometer System 1.2,T6
Insulation monitoring,71,123, Isometer System 1.1+1.2,T6
Air gap monitoring,72,101,Sensor 1 blade A,T6
Air gap monitoring,72,102,Sensor 2 blade A,T6
Air gap monitoring,72,110,Both sensors blade A,T6
Air gap monitoring,72,120,Several sensors,T6
Air gap monitoring,72,121,Sensor 1 blade A (< idle speed),T6
Air gap monitoring,72,122,Sensor 2 blade A (< idle speed),T6
Air gap monitoring,72,125,Sensor 1 blade A (< idle speed + heat.),T6
Air gap monitoring,72,126,Sensor 2 blade A (< idle speed + heat.),T6
Air gap monitoring,72,130,Both sensors blade A (< idle speed),T6
Air gap monitoring,72,131,Sensor 1 blade A (standstill),T6
Air gap monitoring,72,132,Sensor 2 blade A (standstill),T6
Air gap monitoring,72,135,Sensor 1 blade A (standstill + heating),T6
Air gap monitoring,72,136,Sensor 2 blade A (standstill + heating),T6
Air gap monitoring,72,140,Both sensors blade A (standstill),T6
Air gap monitoring,72,141,Sensor 1 faulty blade A,T6
Air gap monitoring,72,142,Sensor 2 faulty blade A,T6
Air gap monitoring,72,150,Both sensors faulty blade A,T6
Air gap monitoring,72,201,Sensor 1 blade B,T6
Air gap monitoring,72,202,Sensor 2 blade B,T6
Air gap monitoring,72,210,Both sensors,T6
Air gap monitoring,72,220,Several sensors blade B,T6
Air gap monitoring,72,221,Sensor 1 blade B (< idle speed),T6
Air gap monitoring,72,222,Sensor 2 blade B (< idle speed),T6
Air gap monitoring,72,225,Sensor 1 blade B (< idle speed + heat.),T6
Air gap monitoring,72,226,Sensor 2 blade B (< idle speed + heat.),T6
Air gap monitoring,72,230,Both sensors blade B (< idle speed),T6
Air gap monitoring,72,231,Sensor 1 blade B (standstill),T6
Air gap monitoring,72,232,Sensor 2 blade B (standstill),T6
Air gap monitoring,72,235,Sensor 1 blade B (standstill + heating),T6
Air gap monitoring,72,236,Sensor 2 blade B (standstill + heating),T6
Air gap monitoring,72,240,Both sensors blade B (standstill),T6
Air gap monitoring,72,241,Sensor 1 faulty blade B,T6
Air gap monitoring,72,242,Sensor 2 faulty blade B,T6
Air gap monitoring,72,250,Both sensors faulty blade B,T6
Air gap monitoring,72,301,Sensor 1 blade C,T6
Air gap monitoring,72,302,Sensor 2 blade C,T6
Air gap monitoring,72,310,Both sensors blade C,T6
Air gap monitoring,72,320,Several sensors,T6
Air gap monitoring,72,321,Sensor 1 blade C (< idle speed),T6
Air gap monitoring,72,322,Sensor 2 blade C (< idle speed),T6
Air gap monitoring,72,325,Sensor 1 blade C (< idle speed + heat.),T6
Air gap monitoring,72,326,Sensor 2 blade C (< idle speed + heat.),T6
Air gap monitoring,72,330,Both sensors blade C (< idle speed),T6
Air gap monitoring,72,331,Sensor 1 blade C (standstill),T6
Air gap monitoring,72,332,Sensor 2 blade C (standstill),T6
Air gap monitoring,72,335,Sensor 1 blade C (standstill + heating),T6
Air gap monitoring,72,336,Sensor 2 blade C (standstill + heating),T6
Air gap monitoring,72,340,Both sensors blade C (standstill),T6
Air gap monitoring,72,341,Sensor 1 faulty blade C,T6
Air gap monitoring,72,342,Sensor 2 faulty blade C,T6
Air gap monitoring,72,350,Both sensors faulty blade C,T6
Torque monitoring,73,2,Peak load,T6
Torque monitoring,73,12,Signal to small,T6
Torque monitoring,73,13,Signal to big,T6
Torque monitoring,73,14,Transversal oscillation too small,T6
Torque monitoring,73,31,Vibrations (average),T6
Torque monitoring,73,32,Vibrations (peak),T6
Bearing temperature,76,1,Overtemp. front bearing,T6
Bearing temperature,76,2,Overtemp. rear bearing,T6
Fault Excitation,80,1,Fault current,T6
Fault Excitation,80,2,Rotor monitoring,T6
Fault Excitation,80,10,Overtemperature heatsink,T6
Fault Excitation,80,15,Over temperature output choke,T6
Fault Excitation,80,20,Charging error,T6
Fault Excitation,80,21,Overvoltage DC-link,T6
Fault Excitation,80,22,Excit. current to low during test,T6
Fault Excitation,80,23,Excit. current to high during test,T6
Fault Excitation,80,24,Overcurrent (software),T6
Fault Excitation,80,25,Overcurrent (hardware),T6
Fault Excitation,80,30,Undervoltage DC-link,T6
Fault Excitation,80,31,Malfunction DC-supply,T6
Fault Excitation,80,42,Excit. current too low during operation,T6
Fault Excitation,80,49,No current during generator heating,T6
Fault Excitation,80,60,IGBT-driver faulty,T6
Fault self-excitation,83,1,Voltage set value too low,T6
Fault self-excitation,83,2,Excitation current too low,T6
Fault self-excitation,83,3,DC-link voltage too low,T6
Fault self-excitation,83,4,No supply by rectifier,T6
Fault self-excitation,83,5,Timeout,T6
Prot. circuit-breaker tripped,90,6,Rotor brake,T6
Prot. circuit-breaker tripped,90,9,Power supply pitch,T6
Prot. circuit-breaker tripped,90,10,Power supply excitation,T6
Prot. circuit-breaker tripped,90,51,Yaw drive 1,T6
Prot. circuit-breaker tripped,90,52,Yaw drive 2,T6
Prot. circuit-breaker tripped,90,53,Yaw drive 3,T6
Prot. circuit-breaker tripped,90,54,Yaw drive 4,T6
Prot. circuit-breaker tripped,90,61,Yaw drives system 1,T6
Prot. circuit-breaker tripped,90,62,Yaw drives system 2,T6
Prot. circuit-breaker tripped,90,63,Yaw inverter,T6
Prot. circuit-breaker tripped,90,301,Mains filter inverter 1,T6
Prot. circuit-breaker tripped,90,302,Mains filter inverter 2,T6
Prot. circuit-breaker tripped,90,303,Mains filter inverter 3,T6
Prot. circuit-breaker tripped,90,304,Mains filter inverter 4,T6
Prot. circuit-breaker tripped,90,319,Mains filter several inverters,T6
Prot. circuit-breaker tripped,90,401,Fan power cabinet 1,T6
Prot. circuit-breaker tripped,90,402,Fan power cabinet 2,T6
Prot. circuit-breaker tripped,90,403,Fan power cabinet 3,T6
Prot. circuit-breaker tripped,90,404,Fan power cabinet 4,T6
Prot. circuit-breaker tripped,90,419,Fan several power cabinets,T6
Semiconductor fuse blown,91,11,Rectifier system 1,T6
Semiconductor fuse blown,91,12,Rectifier system 2,T6
Semiconductor fuse blown,91,13,Rectifier system 1+2,T6
Semiconductor fuse blown,91,101,Inverter 1,T6
Semiconductor fuse blown,91,102,Inverter 2,T6
Semiconductor fuse blown,91,103,Inverter 3,T6
Semiconductor fuse blown,91,104,Inverter 4,T6
Semiconductor fuse blown,91,119,Several inverters,T6
Low voltage earth fault detection,92,0,Earth fault sensor actuated,T6
Low voltage earth fault detection,92,1,Earth fault feeding system,T6
Low voltage earth fault detection,92,10,Earth fault control system,T6
Fault temperature measurement,95,3,Bearing front,T6
Fault temperature measurement,95,4,Bearing rear,T6
Fault temperature measurement,95,45,Yaw motor 2,T6
Fault temperature measurement,95,46,Yaw motor 3,T6
Fault temperature measurement,95,47,Yaw motor 4,T6
Fault temperature measurement,95,60,Heatsink L1 converter 1,T6
Fault temperature measurement,95,61,Heatsink L2 converter 1,T6
Fault temperature measurement,95,62,Heatsink L3 converter 1,T6
Fault temperature measurement,95,63,Heatsink step-up-chopper conv. 1,T6
Fault temperature measurement,95,64,Heatsink L1 converter 2,T6
Fault temperature measurement,95,65,Heatsink L2 converter 2,T6
Fault temperature measurement,95,66,Heatsink L3 converter 2,T6
Fault temperature measurement,95,67,Heatsink step-up-chopper conv. 2,T6
Fault temperature measurement,95,68,Heatsink L1 converter 3,T6
Fault temperature measurement,95,69,Heatsink L2 converter 3,T6
Fault temperature measurement,95,70,Heatsink L3 converter 3,T6
Fault temperature measurement,95,71,Heatsink step-up-chopper conv. 3,T6
Fault temperature measurement,95,111,Motor blade A,T6
Fault temperature measurement,95,121,Motor blade B,T6
Fault temperature measurement,95,131,Motor blade C,T6
Fault temperature measurement,95,141,Heatsink picht box A,T6
Fault temperature measurement,95,151,Heatsink picht box B,T6
Fault temperature measurement,95,161,Heatsink picht box C,T6
Fault temperature measurement,95,241,Emergency stop capacitor blade A,T6
Fault temperature measurement,95,251,Emergency stop capacitor blade B,T6
Fault temperature measurement,95,261,Emergency stop capacitor blade C,T6
Fault temperature measurement,95,305,Rotor 1 + 2,T6
Fault temperature measurement,95,315,Stator 1 + 2,T6
Fault temperature measurement,95,317,Stator several temperatures,T6
Fault temperature measurement,95,411,Heatsink rectifier 1,T6
Fault temperature measurement,95,412,Heatsink rectifier 2,T6
Fault temperature measurement,95,505,Outside 1 + 2 (hub height),T6
Fault temperature measurement,95,611,Heatsink excitation,T6
Fault temperature measurement,95,701,Rectifier yaw inverter,T6
Fault temperature measurement,95,711,Heatsink yaw inverter 1,T6
Fault temperature measurement,95,712,Heatsink yaw inverter 2,T6
Fault temperature measurement,95,741,Yaw brake / motor 1,T6
Fault temperature measurement,95,742,Yaw brake / motor 2,T6
Fault temperature measurement,95,743,Yaw brake / motor 3,T6
Fault temperature measurement,95,744,Yaw brake / motor 4,T6
Fault temperature measurement,95,800,Outside (ground and nacelle),T6
Fault temperature measurement,95,901,Transformer temp. < room temp.,T6
Fault temperature measurement,95,910,Transformer,T6
Fault temperature measurement,95,911,Transformer: PT100 and KTY connected,T6
Error temperature-measurem. inverter,96,101,L1+ inverter 1,T6
Error temperature-measurem. inverter,96,102,L1+ inverter 2,T6
Error temperature-measurem. inverter,96,103,L1+ inverter 3,T6
Error temperature-measurem. inverter,96,104,L1+ inverter 4,T6
Error temperature-measurem. inverter,96,119,L1+ several inverters,T6
Error temperature-measurem. inverter,96,201,L1- inverter 1,T6
Error temperature-measurem. inverter,96,202,L1- inverter 2,T6
Error temperature-measurem. inverter,96,203,L1- inverter 3,T6
Error temperature-measurem. inverter,96,204,L1- inverter 4,T6
Error temperature-measurem. inverter,96,219,L1- several inverters,T6
Error temperature-measurem. inverter,96,301,L2+ inverter 1,T6
Error temperature-measurem. inverter,96,302,L2+ inverter 2,T6
Error temperature-measurem. inverter,96,303,L2+ inverter 3,T6
Error temperature-measurem. inverter,96,304,L2+ inverter 4,T6
Error temperature-measurem. inverter,96,319,L2+ several inverters,T6
Error temperature-measurem. inverter,96,401,L2- inverter 1,T6
Error temperature-measurem. inverter,96,402,L2- inverter 2,T6
Error temperature-measurem. inverter,96,403,L2- inverter 3,T6
Error temperature-measurem. inverter,96,404,L2- inverter 4,T6
Error temperature-measurem. inverter,96,419,L2- several inverters,T6
Error temperature-measurem. inverter,96,501,L3+ inverter 1,T6
Error temperature-measurem. inverter,96,502,L3+ inverter 2,T6
Error temperature-measurem. inverter,96,503,L3+ inverter 3,T6
Error temperature-measurem. inverter,96,504,L3+ inverter 4,T6
Error temperature-measurem. inverter,96,519,L3+ several inverters,T6
Error temperature-measurem. inverter,96,601,L3- inverter 1,T6
Error temperature-measurem. inverter,96,602,L3- inverter 2,T6
Error temperature-measurem. inverter,96,603,L3- inverter 3,T6
Error temperature-measurem. inverter,96,604,L3- inverter 4,T6
Error temperature-measurem. inverter,96,619,L3- several inverters,T6
Error temperature-measurem. inverter,96,701,Step-up-chopper 1 inverter 1,T6
Error temperature-measurem. inverter,96,702,Step-up-chopper 1 inverter 2,T6
Error temperature-measurem. inverter,96,703,Step-up-chopper 1 inverter 3,T6
Error temperature-measurem. inverter,96,704,step-up-chopper 1 inverter 4,T6
Error temperature-measurem. inverter,96,719,Step-up-chopper 1 several inverters,T6
Error temperature-measurem. inverter,96,801,Step-up-chopper 2 inverter 1,T6
Error temperature-measurem. inverter,96,802,Step-up-chopper 2 inverter 2,T6
Error temperature-measurem. inverter,96,803,Step-up-chopper 2 inverter 3,T6
Error temperature-measurem. inverter,96,804,step-up-chopper 2 inverter 4,T6
Error temperature-measurem. inverter,96,819,Step-up-chopper 2 several inverters,T6
Error temperature-measurem. inverter,96,901,Chopper inverter 1,T6
Error temperature-measurem. inverter,96,902,Chopper inverter 2,T6
Error temperature-measurem. inverter,96,903,Chopper inverter 3,T6
Error temperature-measurem. inverter,96,904,Chopper inverter 4,T6
Error temperature-measurem. inverter,96,919,Chopper several inverters,T6
Smoke detector,112,21,Main carrier,T6
Smoke detector,112,22,Nacelle,T6
Fire protection system,113,11,Tower: fire,T6
Fire protection system,113,21,Nacelle: fire,T6
Medium voltage switchgear,120,10,Ambient temperature to low,T1
Fault Transformer,122,101,Overtemperature (measurement),T6
Fault Transformer,122,103,Overpressure,T6
Fault Transformer,122,105,Oillevel,T6
Fault Transformer,122,110,Fuse transformer monitoring,T6
Fault charge circuit,130,10,Charging error,T6
Fault charge circuit,130,11,Circuit-breaker tripped,T6
Fault charge circuit,130,12,Semiconductor fuse blown,T6
Fault charge circuit,130,20,Charging error,T6
Multi-transducer,140,103,Configuration not possible,T6
Multi-transducer,140,104,Data transmission fault,T6
Eologix,141,1,Fault: System not available,T1
Eologix,141,2,Availability signal not received,T1
Eologix,141,31,Ice detection not available,T6
Fos4X,142,1,Fault: System not available,T1
Fos4X,142,2,Availability signal not received,T1
Fos4X,142,31,Ice detection not available,T6
Woelfel,143,1,Fault: System not available,T1
Woelfel,143,2,Availability signal not received,T1
Woelfel,143,31,Ice detection not available,T6
Initialize EEPROM,150,1,MPU,T6
Initialize EEPROM,150,2,I/O-Board,T6
Initialize EEPROM,150,3,Display,T6
Initialize EEPROM,150,4,Power control,T6
Initialize EEPROM,150,33,Power Control,T6
Initialize EEPROM,150,37,Decoupling Protection,T6
Initialize EEPROM,150,81,I/O-board control cabinet,T6
Initialize EEPROM,150,82,I/O-board 2 control cabinet,T6
Initialize EEPROM,150,83,I/O-board 1 nacelle,T6
Initialize EEPROM,150,84,I/O-board 2 nacelle,T6
Hardware incompatible,151,33,Power Control CPU1,T6
Hardware incompatible,151,37,Decoupling Protection CPU1,T6
Hardware incompatible,151,133,Power Control CPU2,T6
Hardware incompatible,151,137,Decoupling Protection CPU2,T6
Program incompatible,152,10,UPS CPU 1,T6
Program incompatible,152,11,UPS CPU 2,T6
Program incompatible,152,13,Load control Blade A,T6
Program incompatible,152,14,Load control Blade B,T6
Program incompatible,152,15,Load control Blade C,T6
Program incompatible,152,17,Blade A,T6
Program incompatible,152,18,Blade B,T6
Program incompatible,152,19,Blade C,T6
Program incompatible,152,25,Excitation,T6
Program incompatible,152,30,Farm Control Interface,T6
Program incompatible,152,33,Power Control,T6
Program incompatible,152,34,Power Control 2,T6
Program incompatible,152,37,Decoupling Protection,T6
Program incompatible,152,51,Yaw inverter 1,T6
Program incompatible,152,52,Yaw inverter 2,T6
Program incompatible,152,61,Anemometer Interface,T6
Program incompatible,152,68,Ice Detection Interface,T6
Program incompatible,152,82,I/O-board 2 control cabinet,T6
Program incompatible,152,83,I/O-board 1 nacelle,T6
Program incompatible,152,84,I/O-board 2 nacelle,T6
Program incompatible,152,91,Isolation monitoring,T6
Program incompatible,152,97,Rectifier,T6
Program incompatible,152,110,Display,T6
Program incompatible,152,121,Bus-Interface,T6
Program incompatible,152,131,Inverter control 1 CPU 1,T6
Program incompatible,152,132,Inverter control 1 CPU 2,T6
Program incompatible,152,133,Inverter control 2 CPU 1,T6
Program incompatible,152,134,Inverter control 2 CPU 2,T6
Program incompatible,152,135,Inverter control 3 CPU 1,T6
Program incompatible,152,136,Inverter control 3 CPU 2,T6
Program incompatible,152,137,Decoupling Protection CPU2,T6
Program incompatible,152,201,Inverter Control 1 CPU 1,T6
Program incompatible,152,202,Inverter Control 2 CPU 1,T6
Program incompatible,152,203,Inverter Control 3 CPU 1,T6
Program incompatible,152,204,Inverter Control 4 CPU1,T6
Program incompatible,152,219,Several Inverter Controls,T6
Program incompatible,152,301,Inverter Control 1 CPU 2,T6
Program incompatible,152,302,Inverter Control 2 CPU 2,T6
Program incompatible,152,303,Inverter Control 3 CPU 2,T6
Program incompatible,152,304,Inverter Control 4 CPU2,T6
Program incompatible,152,401,Inverter Control 1 CPU 1 <> CPU 2,T6
Program incompatible,152,402,Inverter Control 2 CPU 1 <> CPU 2,T6
Program incompatible,152,403,Inverter Control 3 CPU 1 <> CPU 2,T6
Program incompatible,152,404,Inverter Control 4 CPU1<>CPU2,T6
Program incompatible,152,633,FACTS operation,T6
Unknown turbine-id,153,33,Power Control,T6
Unknown turbine-id,153,37,Decoupling Protection,T6
Initial version missing,154,81,I/O-board 1 control cabinet,T6
Initial version missing,154,82,I/O-board 2 control cabinet,T6
Initial version missing,154,83,I/O-board 1 nacelle,T6
Initial version missing,154,84,I/O-board 2 nacelle,T6
Wrong boot block address,155,82,I/O-board 2 control cabinet,T6
Serial number,158,1,invalid,T6
Serial number,158,2,I/O-board and display different,T6
Serial number,158,3,I/O Board and Nacelle 1 different,T6
Serial number changend,159,10,Angle encoder blade A,T6
Serial number changend,159,11,Angle encoder blade B,T6
Serial number changend,159,12,Angle encoder blade C,T6
Serial number changend,159,13,Blade load control A,T6
Serial number changend,159,14,Blade load control B,T6
Serial number changend,159,15,Blade load control C,T6
Serial number changend,159,17,Control board blade A,T6
Serial number changend,159,18,Control board blade B,T6
Serial number changend,159,19,Control board blade C,T6
Fault UPS,192,1,UPS not activated,T6
Fault UPS,192,2,Low output voltage,T6
Fault UPS,192,3,Charging error,T6
Fault UPS,192,4,Malfunction output contactor,T6
Fault UPS,192,10,Acoustic sensor,T6
Fault UPS,192,11,Error supply voltage,T6
Fault UPS,192,12,Error message from IGBT-driver,T6
Fault UPS,192,13,Malfunction current measurement,T6
Fault UPS,192,20,Collective fault message overcurrent,T6
Fault UPS,192,21,Overcurrent I-Rectifier,T6
Fault UPS,192,22,Overcurrent hardware L1,T6
Fault UPS,192,23,Overcurrent hardware L2,T6
Fault UPS,192,24,Overcurrent hardware L3,T6
Fault UPS,192,25,Overcurrent software L1,T6
Fault UPS,192,26,Overcurrent software L2,T6
Fault UPS,192,27,Overcurrent software L3,T6
Fault UPS,192,30,Cross short circuit,T6
Fault UPS,192,40,Overvoltage U (DC-link),T6
Fault UPS,192,41,Undervoltage U (DC-link),T6
Fault UPS,192,42,Unsymmetrie U (DC-link),T6
Fault UPS,192,45,Undervoltage output L1,T6
Fault UPS,192,46,Undervoltage output L2,T6
Fault UPS,192,47,Undervoltage output L3,T6
Fault UPS,192,60,Temperature switch heatsink,T6
Fault UPS,192,61,Overtemperature heatsink 1,T6
Fault UPS,192,62,Overtemperature heatsink 2,T6
Fault UPS,192,68,Overtemperature Transformer,T6
Fault UPS,192,70,Program incompatible CPU1 - CPU2,T6
Fault UPS,192,71,Fault internal databus CPU1,T6
Fault UPS,192,72,Fault internal databus CPU2,T6
Fault UPS,192,73,No data from Power Control to UPS,T6
Fault UPS,192,74,No data from UPS to Power Control,T6
Fault UPS,192,80,Fuse U(DC-link) blown,T6
Fault UPS,192,82,Circuit-breaker fan tripped,T6
Fault UPS,192,83,ERR: bypass,T6
Fault UPS,192,92,Fault turbine supply after bypass,T6
Fault UPS,192,93,Malfunction input mains contactor,T6
Fault UPS,192,201,Timeout three-phase operation,T6
Fault UPS,192,202,Timeout fault output voltage,T6
Fault UPS,192,203,Fault L1 UPS:  FSC interrupted,T6
Inverter bus error,202,10,UPS,T6
Inverter bus error,202,11,Inverter control 1 CPU 1,T6
Inverter bus error,202,12,Inverter control 1 CPU 2,T6
Inverter bus error,202,13,Inverter control 1 CPU 1+2,T6
Inverter bus error,202,21,Inverter control 2 CPU 1,T6
Inverter bus error,202,22,Inverter control 2 CPU 2,T6
Inverter bus error,202,23,Inverter control.2 CPU 1+2,T6
Inverter bus error,202,31,Inverter control 3 CPU 1,T6
Inverter bus error,202,32,Inverter control 3 CPU 2,T6
Inverter bus error,202,33,Inverter control 3 CPU 1+2,T6
Inverter bus error,202,101,Inverter control 1 CPU 1,T6
Inverter bus error,202,102,Inverter control 2 CPU 1,T6
Inverter bus error,202,103,Inverter control 3 CPU 1,T6
Inverter bus error,202,104,Inverter Control 4 CPU1,T6
Inverter bus error,202,119,Several Inverter Controls,T6
Inverter bus error,202,201,Inverter control 1 CPU 2,T6
Inverter bus error,202,202,Inverter control 2 CPU 2,T6
Inverter bus error,202,203,Inverter control 3 CPU 2,T6
Inverter bus error,202,204,Inverter Control 4 CPU2,T6
Inverter bus error,202,301,Inverter control 1 CPU 1+2,T6
Inverter bus error,202,302,Inverter control 2 CPU 1+2,T6
Inverter bus error,202,303,Inverter control 3 CPU 1+2,T6
Inverter bus error,202,304,Inverter Control 4 CPU1 + 2,T6
Data bus error all inverters,204,0,,T6
Data bus error all inverters,204,33,Ethernet: No link,T6
No data from power control,206,101,Inverter control 1 CPU1 CAN1,T6
No data from power control,206,102,Inverter control 2 CPU1 CAN1,T6
No data from power control,206,103,Inverter control 3 CPU1 CAN1,T6
No data from power control,206,104,Inverter Control 4 CPU1 CAN1,T6
No data from power control,206,119,Several inverter control CPU1 CAN1,T6
No data from power control,206,201,Inverter control 1 CPU2 CAN1,T6
No data from power control,206,202,Inverter control 2 CPU2 CAN1,T6
No data from power control,206,203,Inverter control 3 CPU2 CAN1,T6
No data from power control,206,204,Inverter Control 4 CPU2 CAN1,T6
No data from power control,206,219,Several inverter control CPU2 CAN1,T6
No data from power control,206,301,Inverter control 1 CPU1 CAN2,T6
No data from power control,206,302,Inverter control 2 CPU1 CAN2,T6
No data from power control,206,303,Inverter control 3 CPU1 CAN2,T6
No data from power control,206,304,Inverter Control 4 CPU1 CAN2,T6
No data from power control,206,319,Several inverter control CPU1 CAN2,T6
No data from power control,206,401,Inverter control 1 CPU2 CAN2,T6
No data from power control,206,402,Inverter control 2 CPU2 CAN2,T6
No data from power control,206,403,Inverter control 3 CPU2 CAN2,T6
No data from power control,206,404,Inverter Control 4 CPU2 CAN2,T6
No data from power control,206,419,Several inverter control CPU2 CAN2,T6
Fault inverter control,207,11,No data from CPU 1 inv. contr. 1,T6
Fault inverter control,207,12,No data from CPU 2 inv. contr. 1,T6
Fault inverter control,207,21,No data from CPU 1 inv. contr. 2,T6
Fault inverter control,207,22,No data from CPU 2 inv. contr. 2,T6
Fault inverter control,207,31,No data from CPU 1 inv. contr. 3,T6
Fault inverter control,207,32,No data from CPU 2 inv. contr. 3,T6
Fault inverter control,207,101,No data from CPU 1 inv. contr. 1,T6
Fault inverter control,207,102,No data from CPU 1 inv. contr. 2,T6
Fault inverter control,207,103,No data from CPU 1 inv. contr. 3,T6
Fault inverter control,207,104,No data from CPU1 inv. contr. 4,T6
Fault inverter control,207,201,No data from CPU 2 inv. contr. 1,T6
Fault inverter control,207,202,No data from CPU 2 inv. contr. 2,T6
Fault inverter control,207,203,No data from CPU 2 inv. contr. 3,T6
Fault inverter control,207,204,No data from CPU2 inv. contr. 4,T6
Fault inverter control,207,401,FPGA inverter 1,T6
Fault inverter control,207,402,FPGA inverter 2,T6
Fault inverter control,207,403,FPGA inverter 3,T6
Fault inverter control,207,404,FPGA inverter 4,T6
Fault inverter control,207,419,FPGA several inverters,T6
Processor reset,220,10,UPS CPU 1,T6
Processor reset,220,11,UPS CPU 2,T6
Processor reset,220,13,Blade load control A,T6
Processor reset,220,14,Blade load control B,T6
Processor reset,220,15,Blade load control C,T6
Processor reset,220,17,Blade A,T6
Processor reset,220,18,Blade B,T6
Processor reset,220,19,Blade C,T6
Processor reset,220,25,Excitation,T6
Processor reset,220,30,Farm-Control-Interface,T6
Processor reset,220,33,Power Control,T6
Processor reset,220,37,Decoupling Protection,T6
Processor reset,220,51,Yaw inverter 1,T6
Processor reset,220,52,Yaw inverter 2,T6
Processor reset,220,61,Anemometer Interface,T6
Processor reset,220,68,Ice Detection Interface,T6
Processor reset,220,82,I/O-board 2 control cabinet,T6
Processor reset,220,83,I/O-board 1 nacelle,T6
Processor reset,220,84,I/O-board 2 nacelle,T6
Processor reset,220,91,Isolation monitoring,T6
Processor reset,220,97,Rectifier,T6
Processor reset,220,110,Display,T6
Processor reset,220,121,Bus-Interface,T6
Processor reset,220,131,Inverter control 1 CPU 1,T6
Processor reset,220,132,Inverter control 1 CPU 2,T6
Processor reset,220,133,Inverter control 2 CPU 1,T6
Processor reset,220,134,Inverter control 2 CPU 2,T6
Processor reset,220,135,Inverter control 3 CPU 1,T6
Processor reset,220,136,Inverter control 3 CPU 2,T6
Processor reset,220,201,Inverter control 1 CPU 1,T6
Processor reset,220,202,Inverter control 2 CPU 1,T6
Processor reset,220,203,Inverter control 3 CPU 1,T6
Processor reset,220,204,Inverter Control 4 CPU1,T6
Processor reset,220,219,Several Inverter Controls,T6
Processor reset,220,301,Inverter control 1 CPU 2,T6
Processor reset,220,302,Inverter control 2 CPU 2,T6
Processor reset,220,303,Inverter control 3 CPU 2,T6
Processor reset,220,304,Inverter Control 4 CPU2,T6
Watchdog reset,221,10,UPS CPU 1,T6
Watchdog reset,221,11,UPS CPU 2,T6
Watchdog reset,221,13,Blade load control A,T6
Watchdog reset,221,14,Blade load control B,T6
Watchdog reset,221,15,Blade load control C,T6
Watchdog reset,221,17,Blade A,T6
Watchdog reset,221,18,Blade B,T6
Watchdog reset,221,19,Blade C,T6
Watchdog reset,221,25,Excitation,T6
Watchdog reset,221,30,Farm-Control-Interface,T6
Watchdog reset,221,33,Power Control,T6
Watchdog reset,221,37,Decoupling Protection,T6
Watchdog reset,221,51,Yaw inverter 1,T6
Watchdog reset,221,52,Yaw inverter 2,T6
Watchdog reset,221,61,Anemometer Interface,T6
Watchdog reset,221,68,Ice Detection Interface,T6
Watchdog reset,221,81,I/O-board control cabinet,T6
Watchdog reset,221,82,I/O-board 2 control cabinet,T6
Watchdog reset,221,83,I/O-board 1 nacelle,T6
Watchdog reset,221,84,I/O-board 2 nacelle,T6
Watchdog reset,221,91,Isolation monitoring,T6
Watchdog reset,221,97,Rectifier,T6
Watchdog reset,221,110,Display,T6
Watchdog reset,221,121,Bus-Interface,T6
Watchdog reset,221,131,Inverter control 1 CPU 1,T6
Watchdog reset,221,132,Inverter control 1 CPU 2,T6
Watchdog reset,221,133,Inverter control 2 CPU 1,T6
Watchdog reset,221,134,Inverter control 2 CPU 2,T6
Watchdog reset,221,135,Inverter control 3 CPU 1,T6
Watchdog reset,221,136,Inverter control 3 CPU 2,T6
Watchdog reset,221,201,Inverter control 1 CPU 1,T6
Watchdog reset,221,202,Inverter control 2 CPU 1,T6
Watchdog reset,221,203,Inverter control 3 CPU 1,T6
Watchdog reset,221,204,Inverter Control 4 CPU1,T6
Watchdog reset,221,219,Several Inverter Controls,T6
Watchdog reset,221,301,Inverter control 1 CPU 2,T6
Watchdog reset,221,302,Inverter control 2 CPU 2,T6
Watchdog reset,221,303,Inverter control 3 CPU 2,T6
Watchdog reset,221,304,Inverter Control 4 CPU2,T6
Turbine reset,222,1,Power failure,T6
Turbine reset,222,2,Quit button,T6
Turbine reset,222,3,Scada system,T6
Turbine reset,222,4,Quit button nacelle,T6
Turbine reset,222,5,Remote display,T6
Turbine reset,222,6,Automatically,T6
Turbine reset,222,7,SCADA: hardware reset,T1
Turbine reset,222,11,Automatic: hardware reset,T1
Turbine reset,222,12,Remote display: hardware reset,T1
Software Update,223,81,I/O-board control cabinet,T6
Software Update,223,82,I/O-board 2 control cabinet,T6
Software Update,223,83,I/O-board 1 nacelle,T6
Software Update,223,84,I/O-board 2 nacelle,T6
Software Update,223,110,Display,T6
Timeout warning message,228,9,Generator heating,T6
Timeout warning message,228,14,Formation of ice,T6
Timeout warning message,228,20,Wind measurement fault,T6
Timeout warning message,228,22,Yaw control fault,T6
Timeout warning message,228,25,Fault yaw inverter,T6
Timeout warning message,228,29,Anemometer interface,T6
Timeout warning message,228,31,Tower oscillation,T6
Timeout warning message,228,46,Fault capacitor test,T6
Timeout warning message,228,47,Malfunction security system,T6
Timeout warning message,228,48,Speed sensor error,T6
Timeout warning message,228,49,Fault blade load control,T6
Timeout warning message,228,50,Monitoring sensor,T6
Timeout warning message,228,55,Bladeheating faulty,T6
Timeout warning message,228,58,Fault lubrication system,T6
Timeout warning message,228,60,Mains failure,T6
Timeout warning message,228,62,Feeding fault,T6
Timeout warning message,228,65,Overvoltage inverter,T6
Timeout warning message,228,66,Fault rectifier,T6
Timeout warning message,228,72,Air gap monitoring,T6
Timeout warning message,228,90,Prot. circuit-breaker tripped,T6
Timeout warning message,228,95,Error temperature-measurement,T6
Timeout warning message,228,112,Smoke detector,T6
Timeout warning message,228,157,Program not current,T6
Timeout warning message,228,190,Hazard light,T6
Timeout warning message,228,192,Fault UPS,T6
Timeout warning message,228,222,Turbine reset,T6
Timeout warning message,228,230,Power limitation (10h),T6
Timeout warning message,228,232,General warning,T6
Timeout warning message,228,233,General warning message,T6
Timeout warning message,228,235,Tower door,T6
Timeout warning message,228,306,No data from,T6
Too many warnings,229,0,,T6
General status,231,3,Timeout start preparation,T6
General status,231,12,Rotor blocked,T6
General status,231,110,Two displays active,T6
General status,231,122,Set apparent power transformer!,T6
General status,231,157,Software update incomplete,T6
Event management,240,0,switched on,T5
Event management,240,1,switched off,T5
Event management,240,2,switched off,T5
Event management,240,3,Grid failure,T5
Event management,240,4,No response from turbine,T5
Event management,240,5,Transmission error,T5
Event management,240,6,Initialization error,T5
Event management,240,7,General error,T5
Event management,240,48,No data (WEAKON),T5
Event management,240,103,Summer time,T5
Event management,240,104,Winter time,T5
Event management,240,242,Temporary communication failure,T5
Event management,240,243,No response from turbine,T5
Event management,240,244,Common device,T5
Event management,240,245,Check sum,T5
Event management,240,246,Timeout receivebuffer,T5
Event management,240,247,Timeout device,T5
Event management,240,248,Frame,T5
Event management,240,249,Overflow device,T5
Event management,240,250,Parity,T5
Event management,240,251,Overflow receivebuffer,T5
Event management,240,252,Error transmission buffer overflow,T5
Event management,240,253,Error in parameter sender address,T5
Event management,240,254,Error in sender address parameter,T5
Turbine control bus error (Bus-Off),300,10,UPS,T6
Turbine control bus error (Bus-Off),300,17,Blade A,T6
Turbine control bus error (Bus-Off),300,18,Blade B,T6
Turbine control bus error (Bus-Off),300,19,Blade C,T6
Turbine control bus error (Bus-Off),300,25,Excitation,T6
Turbine control bus error (Bus-Off),300,30,Farm-Control-Interface,T6
Turbine control bus error (Bus-Off),300,51,Yaw inverter 1,T6
Turbine control bus error (Bus-Off),300,52,Yaw inverter 2,T6
Turbine control bus error (Bus-Off),300,61,Anemometer Interface,T6
Turbine control bus error (Bus-Off),300,81,I/O-board control cabinet,T6
Turbine control bus error (Bus-Off),300,82,I/O-board 2 control cabinet,T6
Turbine control bus error (Bus-Off),300,83,I/O-board 1 nacelle,T6
Turbine control bus error (Bus-Off),300,84,I/O-board 2 nacelle,T6
Turbine control bus error (Bus-Off),300,91,Isolation monitoring,T6
Turbine control bus error (Bus-Off),300,97,Rectifier,T6
Turbine control bus error (Bus-Off),300,110,Display,T6
Turbine control bus error (Bus-Off),300,121,Bus-Interface,T6
Feeding control bus error (Bus-Off),301,33,Power control,T6
Feeding control bus error (Bus-Off),301,37,Decoupling Protection,T6
Feeding control bus error (Bus-Off),301,81,I/O-board control cabinet,T6
Feeding control bus error (Bus-Off),301,110,Display,T6
Data bus error CAN2 (Bus-Off),302,13,Blade load control A,T6
Data bus error CAN2 (Bus-Off),302,14,Blade load control B,T6
Data bus error CAN2 (Bus-Off),302,15,Blade load control C,T6
Data bus error CAN2 (Bus-Off),302,17,Blade A,T6
Data bus error CAN2 (Bus-Off),302,18,Blade B,T6
Data bus error CAN2 (Bus-Off),302,19,Blade C,T6
Data bus error CAN2 (Bus-Off),302,33,Power Control,T6
Data bus error CAN2 (Bus-Off),302,37,Decoupling Protection,T6
Data bus error CAN2 (Bus-Off),302,84,I/O-board 2 nacelle,T6
Data bus error CAN2 (Bus-Off),302,101,Blade control A (CAN2),T6
Data bus error CAN2 (Bus-Off),302,102,Angle encoder A,T6
Data bus error CAN2 (Bus-Off),302,201,Blade control B (CAN2),T6
Data bus error CAN2 (Bus-Off),302,202,Angle encoder B,T6
Data bus error CAN2 (Bus-Off),302,301,Blade control C (CAN2),T6
Data bus error CAN2 (Bus-Off),302,302,Angle encoder C,T6
Data ring error (CAN3),303,17,Bus-Off blade A,T6
Data ring error (CAN3),303,18,Bus-Off blade B,T6
Data ring error (CAN3),303,19,Bus-Off blade C,T6
Data ring error (CAN3),303,20,Wrong dataset received blade A,T6
Data ring error (CAN3),303,21,Wrong dataset received blade B,T6
Data ring error (CAN3),303,22,Wrong dataset received blade C,T6
Turbine control bus error (Timeout),304,10,UPS,T6
Turbine control bus error (Timeout),304,17,Blade A,T6
Turbine control bus error (Timeout),304,18,Blade B,T6
Turbine control bus error (Timeout),304,19,Blade C,T6
Turbine control bus error (Timeout),304,25,Excitation,T6
Turbine control bus error (Timeout),304,30,Farm-Control-Interface,T6
Turbine control bus error (Timeout),304,33,Power Control,T6
Turbine control bus error (Timeout),304,37,Yaw inverter 1,T6
Turbine control bus error (Timeout),304,51,Yaw inverter 1,T6
Turbine control bus error (Timeout),304,52,Yaw inverter 2,T6
Turbine control bus error (Timeout),304,61,Anemometer Interface,T6
Turbine control bus error (Timeout),304,68,Ice Detection Interface,T1
Turbine control bus error (Timeout),304,82,I/O-board 2 control cabinet,T6
Turbine control bus error (Timeout),304,83,I/O-board 1 nacelle,T6
Turbine control bus error (Timeout),304,84,I/O-board 2 nacelle,T6
Turbine control bus error (Timeout),304,91,Isolation monitoring,T6
Turbine control bus error (Timeout),304,97,Rectifier,T6
Turbine control bus error (Timeout),304,110,Display,T6
Turbine control bus error (Timeout),304,121,Bus-Interface,T6
Turbine control bus error (Timeout),304,131,Inverter control 1 CPU 1,T6
Turbine control bus error (Timeout),304,132,Inverter control 1 CPU 2,T6
Turbine control bus error (Timeout),304,133,Inverter control 2 CPU 1,T6
Turbine control bus error (Timeout),304,134,Inverter control 2 CPU 2,T6
Turbine control bus error (Timeout),304,135,Inverter control 3 CPU 1,T6
Turbine control bus error (Timeout),304,136,Inverter control 3 CPU 2,T6
Turbine control bus error (Timeout),304,217,Blade A (PDO1 to PDO4),T6
Turbine control bus error (Timeout),304,218,Blade B (PDO1 to PDO4),T6
Turbine control bus error (Timeout),304,219,Blade C (PDO1 to PDO4),T6
No data from I/O-Board 1,305,17,Blade A,T6
No data from I/O-Board 1,305,18,Blade B,T6
No data from I/O-Board 1,305,19,Blade C,T6
No data from I/O-Board 1,305,25,Excitation,T6
No data from I/O-Board 1,305,30,Farm-Control-Interface,T6
No data from I/O-Board 1,305,33,Power Control,T6
No data from I/O-Board 1,305,37,Decoupling Protection,T6
No data from I/O-Board 1,305,51,Yaw inverter 1,T6
No data from I/O-Board 1,305,52,Yaw inverter 2,T6
No data from I/O-Board 1,305,61,Anemometer Interface,T6
No data from I/O-Board 1,305,82,I/O-board 2 control cabinet,T6
No data from I/O-Board 1,305,83,I/O-board 1 nacelle,T6
No data from I/O-Board 1,305,84,I/O-board 2 nacelle,T6
No data from I/O-Board 1,305,91,Isolation monitoring,T6
No data from I/O-Board 1,305,97,Rectifier,T6
No data from I/O-Board 1,305,110,Display,T6
No data from I/O-Board 1,305,121,Bus-Interface,T6
No data from,306,30,VCS for FCI (Master),T6
No data from,306,31,VCS for FCI (Turbine),T6
No data from,306,37,Decoupling Prot. for Power Control,T6
No data from,306,51,Yaw Inverter 1 for I/O2 nacelle,T6
No data from,306,52,Yaw Inverter 2 for I/O2 nacelle,T6
No data from,306,61,Anemometer interf. for I/O2 nacelle,T6
No data from,306,133,CPU2 for CPU1 Power Control,T6
No data from,306,137,CPU2 for CPU1 Decoupling Protection,T6
No data from,306,184,I/O2 nacelle for yaw inverter 1,T6
No data from,306,284,I/O2 nacelle for yaw inverter 2,T6
No data from,306,302,Labko Ice Detector for I/O 1 nacelle,T6
Data bus error blade control (timeout),307,10,Angle encoder blade A,T6
Data bus error blade control (timeout),307,11,Angle encoder blade B,T6
Data bus error blade control (timeout),307,12,Angle encoder blade C,T6
Data bus error blade control (timeout),307,13,Blade load control A,T6
Data bus error blade control (timeout),307,14,Blade load control B,T6
Data bus error blade control (timeout),307,15,Blade load control C,T6
Data bus error blade control (timeout),307,17,Blade A,T6
Data bus error blade control (timeout),307,18,Blade B,T6
Data bus error blade control (timeout),307,19,Blade C,T6
Unknown node-ID,310,1,Unknown ID 1,T6
Unknown node-ID,310,2,Unknown ID 2,T6
Unknown node-ID,310,3,Unknown ID 3,T6
Unknown node-ID,310,4,Unknown ID 4,T6
Unknown node-ID,310,5,Unknown ID 5,T6
Unknown node-ID,310,6,Unknown ID 6,T6
Unknown node-ID,310,7,Unknown ID 7,T6
Unknown node-ID,310,8,Unknown ID 8,T6
Unknown node-ID,310,9,Unknown ID 9,T6
Unknown node-ID,310,10,Unknown ID 10,T6
Unknown node-ID,310,11,Unknown ID 11,T6
Unknown node-ID,310,12,Unknown ID 12,T6
Unknown node-ID,310,13,Unknown ID 13,T6
Unknown node-ID,310,14,Unknown ID 14,T6
Unknown node-ID,310,15,Unknown ID 15,T6
Unknown node-ID,310,16,Unknown ID 16,T6
Unknown node-ID,310,17,Unknown ID 17,T6
Unknown node-ID,310,18,Unknown ID 18,T6
Unknown node-ID,310,19,Unknown ID 19,T6
Unknown node-ID,310,20,Unknown ID 20,T6
Unknown node-ID,310,21,Unknown ID 21,T6
Unknown node-ID,310,22,Unknown ID 22,T6
Unknown node-ID,310,23,Unknown ID 23,T6
Unknown node-ID,310,24,Unknown ID 24,T6
Unknown node-ID,310,25,Unknown ID 25,T6
Unknown node-ID,310,26,Unknown ID 26,T6
Unknown node-ID,310,27,Unknown ID 27,T6
Unknown node-ID,310,28,Unknown ID 28,T6
Unknown node-ID,310,29,Unknown ID 29,T6
Unknown node-ID,310,30,Unknown ID 30,T6
Unknown node-ID,310,31,Unknown ID 31,T6
Unknown node-ID,310,32,Unknown ID 32,T6
Unknown node-ID,310,33,Unknown ID 33,T6
Unknown node-ID,310,34,Unknown ID 34,T6
Unknown node-ID,310,35,Unknown ID 35,T6
Unknown node-ID,310,36,Unknown ID 36,T6
Unknown node-ID,310,37,Unknown ID 37,T6
Unknown node-ID,310,38,Unknown ID 38,T6
Unknown node-ID,310,39,Unknown ID 39,T6
Unknown node-ID,310,40,Unknown ID 40,T6
Unknown node-ID,310,41,Unknown ID 41,T6
Unknown node-ID,310,42,Unknown ID 42,T6
Unknown node-ID,310,43,Unknown ID 43,T6
Unknown node-ID,310,44,Unknown ID 44,T6
Unknown node-ID,310,45,Unknown ID 45,T6
Unknown node-ID,310,46,Unknown ID 46,T6
Unknown node-ID,310,47,Unknown ID 47,T6
Unknown node-ID,310,48,Unknown ID 48,T6
Unknown node-ID,310,49,Unknown ID 49,T6
Unknown node-ID,310,50,Unknown ID 50,T6
Unknown node-ID,310,51,Unknown ID 51,T6
Unknown node-ID,310,52,Unknown ID 52,T6
Unknown node-ID,310,53,Unknown ID 53,T6
Unknown node-ID,310,54,Unknown ID 54,T6
Unknown node-ID,310,55,Unknown ID 55,T6
Unknown node-ID,310,56,Unknown ID 56,T6
Unknown node-ID,310,57,Unknown ID 57,T6
Unknown node-ID,310,58,Unknown ID 58,T6
Unknown node-ID,310,59,Unknown ID 59,T6
Unknown node-ID,310,60,Unknown ID 60,T6
Unknown node-ID,310,61,Unknown ID 61,T6
Unknown node-ID,310,62,Unknown ID 62,T6
Unknown node-ID,310,63,Unknown ID 63,T6
Unknown node-ID,310,64,Unknown ID 64,T6
Unknown node-ID,310,65,Unknown ID 65,T6
Unknown node-ID,310,66,Unknown ID 66,T6
Unknown node-ID,310,67,Unknown ID 67,T6
Unknown node-ID,310,68,Unknown ID 68,T6
Unknown node-ID,310,69,Unknown ID 69,T6
Unknown node-ID,310,70,Unknown ID 70,T6
Unknown node-ID,310,71,Unknown ID 71,T6
Unknown node-ID,310,72,Unknown ID 72,T6
Unknown node-ID,310,73,Unknown ID 73,T6
Unknown node-ID,310,74,Unknown ID 74,T6
Unknown node-ID,310,75,Unknown ID 75,T6
Unknown node-ID,310,76,Unknown ID 76,T6
Unknown node-ID,310,77,Unknown ID 77,T6
Unknown node-ID,310,78,Unknown ID 78,T6
Unknown node-ID,310,79,Unknown ID 79,T6
Unknown node-ID,310,80,Unknown ID 80,T6
Unknown node-ID,310,81,Unknown ID 81,T6
Unknown node-ID,310,82,Unknown ID 82,T6
Unknown node-ID,310,83,Unknown ID 83,T6
Unknown node-ID,310,84,Unknown ID 84,T6
Unknown node-ID,310,85,Unknown ID 85,T6
Unknown node-ID,310,86,Unknown ID 86,T6
Unknown node-ID,310,87,Unknown ID 87,T6
Unknown node-ID,310,88,Unknown ID 88,T6
Unknown node-ID,310,89,Unknown ID 89,T6
Unknown node-ID,310,90,Unknown ID 90,T6
Unknown node-ID,310,91,Unknown ID 91,T6
Unknown node-ID,310,92,Unknown ID 92,T6
Unknown node-ID,310,93,Unknown ID 93,T6
Unknown node-ID,310,94,Unknown ID 94,T6
Unknown node-ID,310,95,Unknown ID 95,T6
Unknown node-ID,310,96,Unknown ID 96,T6
Unknown node-ID,310,97,Unknown ID 97,T6
Unknown node-ID,310,98,Unknown ID 98,T6
Unknown node-ID,310,99,Unknown ID 99,T6
Unknown node-ID,310,100,Unknown ID 100,T6
Unknown node-ID,310,101,Unknown ID 101,T6
Unknown node-ID,310,102,Unknown ID 102,T6
Unknown node-ID,310,103,Unknown ID 103,T6
Unknown node-ID,310,104,Unknown ID 104,T6
Unknown node-ID,310,105,Unknown ID 105,T6
Unknown node-ID,310,106,Unknown ID 106,T6
Unknown node-ID,310,107,Unknown ID 107,T6
Unknown node-ID,310,108,Unknown ID 108,T6
Unknown node-ID,310,109,Unknown ID 109,T6
Unknown node-ID,310,110,Unknown ID 110,T6
Unknown node-ID,310,111,Unknown ID 111,T6
Unknown node-ID,310,112,Unknown ID 112,T6
Unknown node-ID,310,113,Unknown ID 113,T6
Unknown node-ID,310,114,Unknown ID 114,T6
Unknown node-ID,310,115,Unknown ID 115,T6
Unknown node-ID,310,116,Unknown ID 116,T6
Unknown node-ID,310,117,Unknown ID 117,T6
Unknown node-ID,310,118,Unknown ID 118,T6
Unknown node-ID,310,119,Unknown ID 119,T6
Unknown node-ID,310,120,Unknown ID 120,T6
Unknown node-ID,310,121,Unknown ID 121,T6
Unknown node-ID,310,122,Unknown ID 122,T6
Unknown node-ID,310,123,Unknown ID 123,T6
Unknown node-ID,310,124,Unknown ID 124,T6
Unknown node-ID,310,125,Unknown ID 125,T6
Unknown node-ID,310,126,Unknown ID 126,T6
Unknown node-ID,310,127,Unknown ID 127,T6
Invalid index,315,17,Blade A,T6
Invalid index,315,18,Blade B,T6
Invalid index,315,19,Blade C,T6
Invalid index,315,25,Excitation,T6
Invalid index,315,30,Farm Control Interface,T6
Invalid index,315,33,Power Control,T6
Invalid index,315,37,Decoupling Protection,T6
Invalid index,315,51,Yaw inverter 1,T6
Invalid index,315,52,Yaw inverter 2,T6
Invalid index,315,61,Anemometer Interface,T6
Invalid index,315,68,Ice Detection Interface,T6
Invalid index,315,82,I/O-board 2 control cabinet,T6
Invalid index,315,83,I/O-board 1 nacelle,T6
Invalid index,315,84,I/O-board 2 nacelle,T6
Invalid index,315,91,Isolation monitoring,T6
Invalid index,315,97,Rectifier,T6
Invalid index,315,110,Display,T6
Error CAN1-interrupt,318,81,I/O-board control cabinet,T6
Error CAN1-interrupt,318,83,I/O-board 1 nacelle,T6
Error CAN1-interrupt,318,84,I/O-board 2 nacelle,T6
Error CAN2-interrupt,319,81,I/O-board control cabinet,T6
Malfunction IIC-bus,320,81,I/O-board control cabinet,T6
Malfunction IIC-bus,320,82,I/O-board 2 control cabinet,T6
Malfunction IIC-bus,320,83,I/O-board 1 nacelle,T6
Malfunction IIC-bus,320,84,I/O-board 2 nacelle,T6
Checksum error flash,325,10,UPS CPU1,T6
Checksum error flash,325,11,UPS CPU2,T6
Checksum error flash,325,13,Blade load control A,T6
Checksum error flash,325,14,Blade load control B,T6
Checksum error flash,325,15,Blade load control C,T6
Checksum error flash,325,17,Blade A,T6
Checksum error flash,325,18,Blade B,T6
Checksum error flash,325,19,Blade C,T6
Checksum error flash,325,25,Excitation,T6
Checksum error flash,325,30,Farm-Control-Interface,T6
Checksum error flash,325,33,Power Control,T6
Checksum error flash,325,37,Decoupling Protection,T6
Checksum error flash,325,51,Yaw inverter 1,T6
Checksum error flash,325,52,Yaw inverter 2,T6
Checksum error flash,325,56,Fan inverter,T6
Checksum error flash,325,61,Anemometer-Interface,T6
Checksum error flash,325,62,Anemometer Interface 2,T6
Checksum error flash,325,68,Ice Detection Interface,T6
Checksum error flash,325,81,I/O-board control cabinet,T6
Checksum error flash,325,82,I/O-board 2 control cabinet,T6
Checksum error flash,325,83,I/O-board 1 nacelle,T6
Checksum error flash,325,84,I/O-board 2 nacelle,T6
Checksum error flash,325,91,Insulation monitoring,T6
Checksum error flash,325,97,Rectifier 1,T6
Checksum error flash,325,98,Rectifier 2,T6
Checksum error flash,325,110,Display,T6
Checksum error flash,325,201,Inverter Control 1 CPU 1,T6
Checksum error flash,325,202,Inverter Control 2 CPU 1,T6
Checksum error flash,325,203,Inverter Control 3 CPU 1,T6
Checksum error flash,325,204,Inverter Control 4 CPU1,T6
Checksum error flash,325,219,Several Inverter Controls,T6
Checksum error flash,325,301,Inverter Control 1 CPU 2,T6
Checksum error flash,325,302,Inverter Control 2 CPU 2,T6
Checksum error flash,325,303,Inverter Control 3 CPU 2,T6
Checksum error flash,325,304,Inverter Control 4 CPU2,T6
Checksum error parameter memory,326,68,Ice Detection Interface,T6
Checksum error parameter memory,326,81,Parameter memory I/O-board contr. cab.,T6
Checksum error parameter memory,326,83,Parameter memory I/O-board 1 nacelle,T6
Checksum error parameter memory,326,84,Parameter memory I/O-board 2 nacelle,T6
Parameter out of range,327,17,Blade A,T6
Parameter out of range,327,18,Blade B,T6
Parameter out of range,327,19,Blade C,T6
Parameter out of range,327,33,Power Control,T6
Parameter out of range,327,37,Decoupling Protection,T6
Parameter out of range,327,68,Ice Detection Interface,T6
Parameter out of range,327,81,I/O-board 1 control cabinet,T6
Parameter out of range,327,83,I/O-board 1 nacelle,T6
Parameter out of range,327,84,I/O-board 2 nacelle,T6
Fault EEPROM,328,10,UPS,T6
Fault EEPROM,328,13,Blade load control A,T6
Fault EEPROM,328,14,Blade load control B,T6
Fault EEPROM,328,15,Blade load control C,T6
Fault EEPROM,328,17,Blade A,T6
Fault EEPROM,328,18,Blade B,T6
Fault EEPROM,328,19,Blade C,T6
Fault EEPROM,328,25,Excitation,T6
Fault EEPROM,328,30,Farm-Control-Interface,T6
Fault EEPROM,328,33,Power Control,T6
Fault EEPROM,328,37,Decoupling Protection,T6
Fault EEPROM,328,51,Yaw inverter 1,T6
Fault EEPROM,328,52,Yaw inverter 2,T6
Fault EEPROM,328,56,Fan inverter,T6
Fault EEPROM,328,61,Anemometer-Interface,T6
Fault EEPROM,328,81,I/O-board control cabinet,T6
Fault EEPROM,328,82,I/O-board 2 control cabinet,T6
Fault EEPROM,328,83,I/O-board 1 nacelle,T6
Fault EEPROM,328,84,I/O-board 2 nacelle,T6
Fault EEPROM,328,97,Rectifier 1,T6
Fault EEPROM,328,98,Rectifier 2,T6
Fault EEPROM,328,110,Display,T6
Fault EEPROM,328,201,Inverter Control 1 CPU 1,T6
Fault EEPROM,328,202,Inverter Control 2 CPU 1,T6
Fault EEPROM,328,203,Inverter Control 3 CPU 1,T6
Fault EEPROM,328,204,Inverter Control 4 CPU1,T6
Fault EEPROM,328,219,Several Inverter Controls,T6
Fault EEPROM,328,301,Inverter Control 1 CPU 2,T6
Fault EEPROM,328,302,Inverter Control 2 CPU 2,T6
Fault EEPROM,328,303,Inverter Control 3 CPU 2,T6
Fault EEPROM,328,304,Inverter Control 4 CPU2,T6
Fault real-time-clock,330,81,I/O-board control cabinet,T6
Fault real-time-clock,330,82,I/O-board 2 control cabinet,T6
Fault real-time-clock,330,83,I/O-board 1 nacelle,T6
Fault real-time-clock,330,84,I/O-board 2 nacelle,T6
Error +12V processor,402,2,Excitation,T6
Error +12V processor,402,13,Blade load control A,T6
Error +12V processor,402,14,Blade load control B,T6
Error +12V processor,402,15,Blade load control C,T6
Error +12V processor,402,17,Blade A,T6
Error +12V processor,402,18,Blade B,T6
Error +12V processor,402,19,Blade C,T6
Error +12V processor,402,25,Excitation,T6
Error +12V processor,402,33,Power Control,T6
Error +12V processor,402,37,Decoupling Protection,T6
Error +12V processor,402,61,Anemometer Interface,T6
Error +12V processor,402,97,Rectifier,T6
Error +12V processor,402,131,Inverter control 1,T6
Error +12V processor,402,133,Inverter control 2,T6
Error +12V processor,402,135,Inverter control 3,T6
Error +12V processor,402,201,Inverter Control 1,T6
Error +12V processor,402,202,Inverter Control 2,T6
Error +12V processor,402,203,Inverter Control 3,T6
Error +12V processor,402,204,Inverter Control 4,T6
Error +12V processor,402,219,Several Inverter Controls,T6
Error –12V processor,403,3,Excitation,T6
Error –12V processor,403,17,Blade A,T6
Error –12V processor,403,18,Blade B,T6
Error –12V processor,403,19,Blade C,T6
Error –12V processor,403,25,Excitation,T6
Error –12V processor,403,33,Power Control,T6
Error –12V processor,403,37,Power Control,T6
Error –12V processor,403,61,Anemometer Interface,T6
Error –12V processor,403,97,Rectifier,T6
Error –12V processor,403,201,Inverter Control 1,T6
Error –12V processor,403,202,Inverter Control 2,T6
Error –12V processor,403,203,Inverter Control 3,T6
Error –12V processor,403,204,Inverter Control 4,T6
Error –12V processor,403,219,Several Inverter Controls,T6
Error +15V processor,404,201,Inverter Control 1,T6
Error +15V processor,404,202,Inverter Control 2,T6
Error +15V processor,404,203,Inverter Control 3,T6
Error +15V processor,404,204,Inverter Control 4,T6
Error +15V processor,404,219,Several Inverter Controls,T6
Error –15V processor,405,131,Inverter Control 1,T6
Error –15V processor,405,133,Inverter Control 2,T6
Error –15V processor,405,135,Inverter Control 3,T6
Error –15V processor,405,201,Inverter Control 1,T6
Error –15V processor,405,202,Inverter Control 2,T6
Error –15V processor,405,203,Inverter Control 3,T6
Error –15V processor,405,204,Inverter Control 4,T6
Error –15V processor,405,219,Several Inverter Controls,T6
Error +4V ref. processor,411,97,Rectifier,T6
Error +5V ref. processor,412,17,Blade A,T6
Error +5V ref. processor,412,18,Blade B,T6
Error +5V ref. processor,412,19,Blade C,T6
Error -5V ref. processor,413,0,,T6
Error +10V ref. processor,414,131,Inverter control 1,T6
Error +10V ref. processor,414,133,Inverter control 2,T6
Error +10V ref. processor,414,135,Inverter control 3,T6
Error +10V ref. processor,414,201,Inverter Control 1,T6
Error +10V ref. processor,414,202,Inverter Control 2,T6
Error +10V ref. processor,414,203,Inverter Control 3,T6
Error +10V ref. processor,414,204,Inverter Control 4,T6
Error +10V ref. processor,414,219,Several Inverter Controls,T6
Error -10V ref. processor,415,0,,T6
Error +5V sensoric,421,17,Blade A,T6
Error +5V sensoric,421,18,Blade B,T6
Error +5V sensoric,421,19,Blade C,T6
Error +12V sensoric,422,0,,T6
Error +12V sensoric,422,33,Power control,T6
Error -12V sensoric,423,17,Blade A,T6
Error -12V sensoric,423,18,Blade B,T6
Error -12V sensoric,423,19,Blade C,T6
Error -12V sensoric,423,33,Power control,T6
Error -12V sensoric,423,61,Anemometer Interface,T6
Error +15V sensor system,424,17,Blade A,T6
Error +15V sensor system,424,18,Blade B,T6
Error +15V sensor system,424,19,Blade C,T6
Error +15V sensor system,424,33,Power control,T6
Error +15V sensor system,424,37,Decoupling Protection,T6
Error +15V sensor system,424,61,Anemometer interface,T6
Error +15V sensor system,424,81,I/O-board control cabinet,T6
Error +15V sensor system,424,82,I/O-board 2 control cabinet,T6
Error +15V sensor system,424,83,I/O-board 1 nacelle,T6
Error +15V sensor system,424,84,I/O-board 2 nacelle,T6
Error +15V sensor system,424,131,Inverter control 1,T6
Error +15V sensor system,424,133,Inverter control 2,T6
Error +15V sensor system,424,135,Inverter control 3,T6
Error +15V sensor system,424,201,Inverter Control 1,T6
Error +15V sensor system,424,202,Inverter Control 2,T6
Error +15V sensor system,424,203,Inverter Control 3,T6
Error +15V sensor system,424,204,Inverter Control 4,T6
Error +15V sensor system,424,219,Several Inverter Controls,T6
Error -15V sensor system,425,13,Blade load control A,T6
Error -15V sensor system,425,14,Blade load control B,T6
Error -15V sensor system,425,15,Blade load control C,T6
Error -15V sensor system,425,33,Power Control,T6
Error -15V sensor system,425,37,Decoupling Protection,T6
Error -15V sensor system,425,81,I/O-board control cabinet,T6
Error -15V sensor system,425,82,I/O-board 2 control cabinet,T6
Error -15V sensor system,425,83,I/O-board 1 nacelle,T6
Error -15V sensor system,425,84,I/O-board 2 nacelle,T6
Error -15V sensor system,425,131,Inverter Control 1,T6
Error -15V sensor system,425,133,Inverter Control 2,T6
Error -15V sensor system,425,135,Inverter Control 3,T6
Error -15V sensor system,425,201,Inverter Control 1,T6
Error -15V sensor system,425,202,Inverter Control 2,T6
Error -15V sensor system,425,203,Inverter Control 3,T6
Error -15V sensor system,425,204,Inverter Control 4,T6
Error -15V sensor system,425,219,Several Inverter Controls,T6
Error +20V sensor system,426,81,I/O-board control cabinet,T6
Error +20V sensor system,426,82,I/O-board 2 control cabinet,T6
Error +20V sensor system,426,83,I/O-board 1 nacelle,T6
Error +20V sensor system,426,84,I/O-board 2 nacelle,T6
Error -20V sensoric,427,0,,T6
Error +12V relays,428,33,Power Control,T6
Error +12V relays,428,37,Decoupling Protection,T6
Error +12V relays,428,81,I/O-board control cabinet,T6
Error +12V relays,428,82,I/O-board 2 control cabinet,T6
Error +12V relays,428,83,I/O-board 1 nacelle,T6
Error +12V relays,428,84,I/O-board 2 nacelle,T6
Error supply hardware,429,37,Auxiliary supply Decoupling Protection,T6
Error supply hardware,429,201,Inverter Control 1,T6
Error supply hardware,429,202,Inverter Control 2,T6
Error supply hardware,429,203,Inverter Control 3,T6
Error supply hardware,429,204,Inverter Control 4,T6
Error supply hardware,429,219,Several Inverter Controls,T6
"Error +4,3V ref. sensor system",431,17,Blade A,T6
"Error +4,3V ref. sensor system",431,18,Blade B,T6
"Error +4,3V ref. sensor system",431,19,Blade C,T6
"Error +4,3V ref. sensor system",431,117,Monitoring blade A,T6
"Error +4,3V ref. sensor system",431,118,Monitoring blade B,T6
"Error +4,3V ref. sensor system",431,119,Monitoring blade C,T6
Error +5V ref. sensor system,432,17,Blade A,T6
Error +5V ref. sensor system,432,18,Blade B,T6
Error +5V ref. sensor system,432,19,Blade C,T6
Error +5V ref. sensor system,432,81,I/O-board control cabinet,T6
Error +5V ref. sensor system,432,82,I/O-board 2 control cabinet,T6
Error +5V ref. sensor system,432,83,I/O-board 1 nacelle,T6
Error +5V ref. sensor system,432,84,I/O-board 2 nacelle,T6
Error -5V ref. Sensoric,433,0,,T6
Error +10V ref. Sensoric,434,81,I/O-board control cabinet,T6
Error +10V ref. Sensoric,434,82,I/O-board 2 control cabinet,T6
Error +10V ref. Sensoric,434,83,I/O-board 1 nacelle,T6
Error +10V ref. Sensoric,434,84,I/O-board 2 nacelle,T6
Error -10V ref. Sensoric,435,0,,T6
Error supply IGBT-driver,438,131,Inverter control 1,T6
Error supply IGBT-driver,438,133,Inverter control 2,T6
Error supply IGBT-driver,438,135,Inverter control 3,T6
Error supply IGBT-driver,438,201,Inverter Control 1,T6
Error supply IGBT-driver,438,202,Inverter Control 2,T6
Error supply IGBT-driver,438,203,Inverter Control 3,T6
Error supply IGBT-driver,438,204,Inverter Control 4,T6
Error supply IGBT-driver,438,219,Several Inverter Controls,T6
Error pos. supply current measurem.,441,33,Power Control,T6
Error pos. supply current measurem.,441,37,Decoupling Protection,T6
Error neg. supply current measurem.,442,33,Power Control,T6
Error neg. supply current measurem.,442,37,Decoupling Protection,T6
Error Battery,450,81,I/O-board control cabinet,T6
Error Battery,450,82,I/O-board 2 control cabinet,T6
Error Battery,450,83,I/O-board 1 nacelle,T6
Error Battery,450,84,I/O-board 2 nacelle,T6
Error Battery,450,110,Display,T6
Potential difference sensor system,460,81,I/O-board control cabinet,T6
Potential difference sensor system,460,82,I/O-board 2 control cabinet,T6
Potential difference sensor system,460,83,I/O-board 1 nacelle,T6
Potential difference sensor system,460,84,I/O-board 2 nacelle,T6
